தலைப்பு,வகை,உபவகை,எழுதியவர்,உள்ளடக்கம்,எழுதிய_திகதி,பதிவேற்றியவர்,பார்வைகள்
கஞ்சன் வீட்டில் விருந்து,பாட்டி_சொன்ன_கதைகள்,,படித்தேன் பகிர்ந்தேன் ,"ஒரு ஊரில் பணக்காரன் ஒருவன் இருந்தான். ஆனால் அவன் முழு கஞ்சன். தப்பித்தவறியும் அவனிடமிருந்து ஒரு சல்லிபைசா வாங்க முடியாது. பண விஷயத்தில் அவன் அவ்வளவு கெட்டி. பகிர்வது என்ற குணமே கிடையாது. நண்பர்கள் விருந்து கேட்டாலும் கொடுக்க மாட்டான் அந்த மகா கஞ்சப் பிரபு.","(3-Nov-15, 10:42 pm)",கவிப்புயல் இனியவன்,1065 
காய்களில் ருசி பீன்ஸ்தான்,பாட்டி_சொன்ன_கதைகள்,,Guna,"நஸ்ருதீன் முல்லா மன்னரிடம் சில காலம் அமைச்சராக இருந்தார். முல்லாவின் மீது மன்னருக்கு அதிக அபிமானம் இருந்தது. அதனால் அவரை எப்போதும் தன்னுடன் வைத்துக் கொண்டு இருந்தார்.","(25-Jan-13, 2:58 pm)",dine,338 
கசையடிகள்,பாட்டி_சொன்ன_கதைகள்,,முக நூல் ,"அக்பர் - பீர்பால் கதைகள் ","(15-Oct-15, 7:33 pm)",கவிப்புயல் இனியவன்,278 
பழமொழிகள்,பாட்டி_சொன்ன_கதைகள்,பழமொழிகள்,செயா ரெத்தினம் ,"என்றும்","(17-Jul-12, 1:30 pm)",ஜெய ராஜரெத்தினம்  ,811 
கிடைத்தும் கிடைக்காமல் போனது!,பாட்டி_சொன்ன_கதைகள்,,Rupa,"ஒரு நாள் ஒருவன் அவன் வீட்டுப் பரணைச் சுத்தம் செய்து கொண்டிருந்தான். அப்போது அதுவரை அவன் கவனித்திராத ஒரு புத்தகத்தைக் கண்டெடுத்தான்.","(26-Oct-12, 5:06 pm)",dine,230 
பணமூட்டை,பாட்டி_சொன்ன_கதைகள்,,தினேஷ்,"முன்னொரு காலத்தில் பணக்கார பிரபு ஒருவருக்கு இரண்டு மகன்கள் இருந்தனர். மூத்தவன் அமுதன் மிகவும் நல்லவன்; இரக்க குணமுடையவன். இளையவன் யாசகன் மிகவும் கெட்டவன்.","(4-Sep-12, 12:00 pm)",dine,428 
முட்டா... குட்டா...,பாட்டி_சொன்ன_கதைகள்,,Karthi,"முல்லை காட்டில் முட்டா,குட்டா என இரண்டு குரங்குகள் இருந்தன. மற்ற குரங்குகள் போல இல்லாமல் இந்த இரண்டும் சரியான சோம்பேறிகள்.","(25-Jan-13, 11:34 am)",,247 
உப்பு,பாட்டி_சொன்ன_கதைகள்,சிறுகதை,Riyaz ,"""ஐய! ச்சி, ஒரே உப்பு, பாட்டி கண்ணு எரியுது பாட்டி,அய்யய்யோ முடியல"" பேத்தி பிரியாவின் கத்தலை கேட்டு கரைக்கு வந்த பாட்டி கோப்பையில் கொண்டுவந்த குடிநீரை கொண்டு பிரியாவின் கண்களை கழுவினார். ","(8-Apr-14, 10:26 pm)",riyaz,996 
புத்தி பலம்!,பாட்டி_சொன்ன_கதைகள்,,கார்த்திக்,"புத்தூர் என்ற ஊரில் இளங்கோ என்ற இளைஞன் ஒருவன் இருந்தான். அவன் உடல் வலிமையே இல்லாதவன். ஆள் பார்ப்பதற்கு சுமாரான உடல் கட்டு கொண்டவனாக இருந்தாலும், அவனால் கடினமான வேலைகள் எதையும் செய்ய முடியாது. ஆனால், பிறரது பலத்தை தனக்குப் பயன்படுத்தி காரியம் சாதித்துக் கொள்வதில் அவனை மிஞ்ச யாராலும் முடியாது.","(25-Jun-12, 6:25 pm)",dine,683 
சாப விமோசனம்!,பாட்டி_சொன்ன_கதைகள்,,பாரதி,"ஒரு சமயம் தேவலோகத்தில், தேவர்கள் உற்சாக மிகுதியால் அளவுக்கு மீறி அமிர்தத்தை சுவைத்து மகிழ்ந்தனர். எனவே, போதை தலைக்கேறி தாம் என்ன செய்கிறோம் என்பதை மறந்து பூஜைக்குரிய பூங்காவனத்தை நாசம் செய்தனர்.","(25-Jun-12, 5:37 pm)",dine,591 
ஸ்ரீ சேனா நாவிதர்,பாட்டி_சொன்ன_கதைகள்,ஸ்ரீ சேனா நாவிதர்,விநாயகபாரதி.மு ,"ஸ்ரீ சேனா நாவிதர்.","(17-Apr-14, 4:50 pm)",விநாயகபாரதி.மு,393 
குளிர்ச்சி!,பாட்டி_சொன்ன_கதைகள்,,பாரதி,"முன்னொரு காலத்தில் அண்ணன் தம்பிகளான சந்திரனும், சூரியனும், காற்றும் சந்தோஷமாக விளையாடிக் கொண்டிருந்தனர். அப்போது அவர்களின் தாயான நட்சத்திரத்திடம் சித்தியான இடியும், மின்னலும் வந்தனர்.","(25-Jun-12, 5:17 pm)",dine,496 
பெற்றோர்கள் சொன்னால் கேட்கனும்...,பாட்டி_சொன்ன_கதைகள்,,சு.ரஞ்சித் பாலகுரு,ஒரு ஊருல ஒரு கருவண்டு இருந்துசாம் அதுக்கு ஒரு சிறிய வண்டு இருந்துசாம் தினமும் காலைல அந்த பெரிய வண்டு இரைதேட அந்த சின்ன வண்ட விட்டுட்டு போகுமாம் போகும் போது அம்மா வரும் வரையில் இங்க தான் இருக்கனும் எங்கயும் போகக்கூடாதுனு சொல்லிட்டு போச்சாம் அம்மா மட்டும் போராங்க நாமும் போய் பார்கலாம்னு அந்த சிறிய வண்டு சொல்பேச்சு கேக்காம போச்சாம் மலர்களுக்குள்ள மட்டும் இருந்த வண்டு உலகத்தப் பார்த்ததும் ஆச்சரியமா இருந்துச்சாம் சந்தோசமா இருந்துச்சாம் அம்மா பாரே நம்மல விட்டுட்டு சந்தோசமா இருக்காங்கனு அம்மா மேலயே கோபம் வந்துச்சாம் போகும் போது ஒரு குளத்தை பார்த்துச்சாம் அதுல அழகான செந்தாமரைப் பூ ஒன்று மெத்தை விரிச்சது போன்று இருந்துச்சாம் அதுமேல இந்த சிறுவண்டு உட்கார்ந்ததும் ஊஞ்சல் ஆடரமாதிரி இருந்துச்சாம் அதிக சந்தோசத்துல இருந்தபோது நேரம் போனதே தெரியலயாம் மாலை நேரம் வந்ததும் சூரியன் வந்துசாம் வந்ததும் அந்த தாமரை பூ சுறுங்கிடுச்சாம் வண்டு வெளியே வரமுடியாம ரொம்ப நேரம் அழுது ரொம்ப கஷ்டப்பட்டு மீண்டும் அழுது அழுது  மூஞ்செல்லாம் வீங்கி அங்கயே தூங்கிடுச்சாம் இரவு முழுவதும் சிறு வண்ட கானாமல் தாய் வண்டு அழுதுட்டே தேடிச்சாம் காலை  சூரியன் வந்ததும் அந்த தாமரை விரிஞ்சுசாம் அந்த சிறு வண்டு அதுக்குள்ள தூங்கிட்டு இருந்துச்சாம் அப்பரம் தாய் வண்டு வந்து பார்கும் போது தூங்கிட்டு இந்துச்சாம் அத எழுப்பி முத்தம் கொடுத்து வீட்டுக்கு கூட்டிட்டு போச்சாம் அதனால பெற்றேர் சொல்லரது எல்லாமே நன்மைக்குதான் அத கேட்டு நடந்தா வாழ்க்கைல எந்த கஷ்டமும் வரதாது என்பதை உணருகிறேம்.,"(25-Sep-12, 8:59 pm)",RANJITH BALAGURU,780 
எத்தனுக்கு எத்தன்,பாட்டி_சொன்ன_கதைகள்,,பரஞ்சோதி,"பொன்னியூர் என்ற ஊரில் ஜனா, சுருதி என்ற இரு நண்பர்கள் இருந்தனர். அவர்கள் சிறு பிராயத்திலிருந்தே இணை பிரியாத நண்பர்கள். ஜனா திறமையாகச் சம்பாதித்துக் கொண்டு வருவான். சுருதி அதை வாங்கி நிம்மதியாகச் சாப்பிடுவான்.","(31-May-12, 4:48 pm)",dine,355 
புத்திசாலி ஆட்டுக்குட்டி,பாட்டி_சொன்ன_கதைகள்,,படித்ததில் பிடிப்பு ,"புத்திசாலி ஆட்டுக்குட்டி","(5-Aug-16, 12:13 pm)",கவிப்புயல் இனியவன்,4536 
சொற்பொழிவாளருக்கு நரகமா?,பாட்டி_சொன்ன_கதைகள்,,ராஜா,"பக்தி சொற்பொழிவாளர் ஒருவர் இருந்தார். உணர்ச்சிப் பெருக்குடன் அவர் ஆற்றிய சொற்பொழிவைக் கேட்க மக்கள் கூட்டம் கூட்டமாக வந்தார்கள்.","(26-Oct-12, 3:02 pm)",dine,171 
ஆமைக்கு யானை பலம்!,பாட்டி_சொன்ன_கதைகள்,,குணா,"ஆமை ஒன்றை யானை மிதித்துச் சென்றது. கனத்த ஓட்டின் காரணமாக ஆமை நசுங்கி விடவில்லை.","(26-Oct-12, 3:54 pm)",dine,339 
பேராசையால் உயிரிழந்த கொக்கு,பாட்டி_சொன்ன_கதைகள்,,பாரதி,"ஓர் ஏரிக் கரையில் கிழட்டுக் கொக்கு ஒன்று வசித்து வந்தது.","(25-Jun-12, 3:40 pm)",dine,493 
கண்ணால் காண்பதும் பொய்தீர விசாரிப்பதே  மெய் ,பாட்டி_சொன்ன_கதைகள்,வாழ்க்கை,ராஜா ,"அடர்ந்த காடு அதற்கு புதிய வருகையாக  ஆந்தை ஒன்று வந்தது ....அந்த காட்டில் உள்ள விலங்குகள் இதுவரை  ஆந்தையை பார்த்தது இல்லை..சரி வாருங்கள் கதைக்கு செல்வோம் ....","(23-Jun-15, 7:40 pm)",rajakiln,647 
எத்தனுக்கு எத்தன்!,பாட்டி_சொன்ன_கதைகள்,,தினேஷ்,"பொன்னியூர் என்ற ஊரில் ஜனா, சுருதி என்ற இரு நண்பர்கள் இருந்தனர். அவர்கள் சிறு பிராயத்திலிருந்தே இணை பிரியாத நண்பர்கள். ஜனா திறமையாகச் சம்பாதித்துக் கொண்டு வருவான். சுருதி அதை வாங்கி நிம்மதியாகச் சாப்பிடுவான்.","(4-Sep-12, 11:46 am)",dine,262 
நாலு பக்கமும்!,பாட்டி_சொன்ன_கதைகள்,,Sathish,"ரவி மிகவும் ஏழை குடும்பத்தைச் சேர்ந்தவன். இவன் தந்தை மட்டும் கூலி வேலைக்குச் சென்று வந்தார். ரவியைச் சேர்த்து அவர்கள் வீட்டில் நான்கு பேர். தந்தையின் தினக் கூலி அன்றாடம் அவர்கள் வயிற்றுப்பாட்டைக் கழுவவே சரியாக இருந்தது.","(25-Jan-13, 2:34 pm)",dine,266 
கர்ணன்,பாட்டி_சொன்ன_கதைகள்,புதுக்கவிதை,கவிக்குயில்   ஆர். எஸ் கலா ,"கன்னிக் கருவில் உதித்தவன்./","(14-Sep-18, 7:22 pm)",ஆர் எஸ் கலா,471 
எல்லாம் உங்கள் கைகளில்தான்,பாட்டி_சொன்ன_கதைகள்,சிந்தனை சிறக்க,படித்ததில் சுவைத்தது ,"எல்லாம் உங்கள் கைகளில்தான்..","(21-Aug-15, 11:11 am)",நகைச்சுவைமன்னன்,445 
பஞ்சம்,பாட்டி_சொன்ன_கதைகள்,,Rupa,"ஷீராவஸ்தி என்ற ஊரில் ஒரு சமயம் புத்தர் தங்கியிருந்த போது அந்த ஊரில் பஞ்சம் தலை விரித்தாடியது. உண்ண உணவின்றி மக்கள் வாடினர். அந்த ஊரில் பெரும் செல்வந்தர்கள் இருந்தும் உணவின்றி வாடும் ஏழை மக்களுக்கு உதவ முன்வரவில்லை.","(26-Oct-12, 5:42 pm)",dine,395 
வாழ்த்துவோம் சிறகு விரிக்கும் பறவைகளை,பாட்டி_சொன்ன_கதைகள்,அறிமுக விழா,bhanukl,"""சின்ன சின்ன தூறல் ""","(14-Jan-14, 8:07 am)",பானுஜெகதீஷ்,476 
உளறுவாயன்,பாட்டி_சொன்ன_கதைகள்,,முக நூல் ,"அக்பருக்கும் பீர்பாலுக்கும்மடிக்கடி ஏற்படும் மனவேறுப்பாடுஅன்றைக்கும் ஏற்பட்டது. அக்பர் ஏதோ சொல்ல, அதற்கு பதிலாக பீர்பால் எதையோ சொல்ல... பேச்சு வளர்ந்து பெரிய சச்சரவில் கொண்டு போய் விட்டு விட்டது. மன்னர் கோபம் கொண்டார்.","(15-Oct-15, 7:36 pm)",கவிப்புயல் இனியவன்,405 
மகிழ்ச்சிக்கு வழி,பாட்டி_சொன்ன_கதைகள்,,படித்ததில் பிடிப்பு ,"மகிழ்ச்சிக்கு வழி!","(5-Aug-16, 12:08 pm)",கவிப்புயல் இனியவன்,2174 
மதத்துக்கு எதிராக,பாட்டி_சொன்ன_கதைகள்,,முக நூல் ,"மதத்துக்கு எதிராக","(15-Oct-15, 7:46 pm)",கவிப்புயல் இனியவன்,266 
ஆட்டைக் காணோம்!,பாட்டி_சொன்ன_கதைகள்,,பரஞ்சோதி,"முன்னொரு காலத்தில் கோணங்கி பட்டினம் என்ற ஊரில் மந்தை மேய்ப்பன் ஒருவன் வாழ்ந்து வந்தான். அவனிடம் நிறைய ஆடுகள் இருந்தன. அவற்றை அவனால் காவல்காக்க முடியவில்லை. தினமும் ஒவ்வொரு ஆட்டை ஓநாய்கள் கவர்ந்து சென்றன.","(31-May-12, 4:36 pm)",dine,339 
பேராசை குணத்திற்கு கிடைத்த பரிசு,பாட்டி_சொன்ன_கதைகள்,,Rupa,"திருவெண்ணெய் நல்லூரில் பேராசைக்காரன் ஒருவன் வாழ்ந்து வந்தான். அவன் எந்த பொருளை பார்த்தாலும் அதைத் தான் அடைய வேண்டும் என நினைப்பான். எனவே, நாளடைவில் பார்த்தசாரதி என்ற அவனுடைய பெயரே மறைந்து போய் பேராசைக்காரனாயிற்று.","(26-Oct-12, 11:41 am)",dine,239 
அந்த அரசனும் அரசியும்,பாட்டி_சொன்ன_கதைகள்,,முக நூல் ,"பீர்பாலை அமைச்சர் பதவியில் இருந்து விரட்ட அவரது எதிரிகள் பல முயற்சிகள் செய்து தோற்றுப்போயிருந்தனர். அவர்கள் அனைவரும் அரசியாரின் தம்பியை அனுகி பீர்பாலை அரசவையிலிருந்து நீக்க ஏதாவது செய்தால் அந்த இடத்தில் உங்களை இருத்தலாம் என்றும் இதனால் நீங்கள் மன்னருக்கு நெருக்கமாக இருக்கும் வாய்ப்பு கிடைக்கும் என்றும் தூபம் போட்டனர். பதவி ஆசை முற்றியதாலும் மன்னருக்கு மிக நெருக்கமான முறையில் பீர்பால் இருப்பதால் ஏற்பட்ட காழ்புணர்ச்சியாலும் அரசியாரின் தம்பி இதற்கு சம்மதித்தான்.","(15-Oct-15, 7:34 pm)",கவிப்புயல் இனியவன்,433 
லட்சுமி கடாட்சம்!,பாட்டி_சொன்ன_கதைகள்,,பரஞ்சோதி,"முன்னொரு காலத்தில் மாமுனிவர் ஒருவர் காட்டில் தவம்செய்து வந்தார். சிறு வயதிலிருந்தே தவக்கோலம் பூண்டு இறைவனை தொழுது வந்ததால், அந்த காட்டில் வசித்த கொடிய மிருகங்கள் கூட அவரிடம் குழந்தைகளை போல நடந்து கொண்டன.","(31-May-12, 4:37 pm)",dine,320 
சிதம்பர ரகசியம்,பாட்டி_சொன்ன_கதைகள்,,,"சிதம்பரம் நடராஜர் கோயில் ரகசியம் என்று பலரும் பல விசயங்களை கூறிவரும் வேலையில், அந்த கோயிலில் இருக்கும் அறிவியல்,பொறியியல்,புவியியல்,கணிதவியல்,மருத்துவவியல் குறித்த ஆச்சர்யங்களின் சில தகவல்கள்.","(2-May-13, 10:43 pm)",கார்த்திக்,1020 
நேர்மையான பிச்சைக்காரர்,பாட்டி_சொன்ன_கதைகள்,,கார்த்திக்,"ஒரு மனிதன் தனக்கு கிடைக்கும் அதிர்ஷ்டத்தை எப்படி பயன்படுத்துகிறான் என்று அறிய ஒரு மன்னனுக்கு ஆவல் ஏற்பட்டது. அதை சோதிக்க நினைத்து ஒரு நாள் இரண்டு ரொட்டித் துண்டுகளை வரவழைத்து, விலையுயர்ந்த வைரக் கற்களை ஒன்றினுள் பதுக்கி வைத்தான்.","(25-Jun-12, 6:46 pm)",dine,1221 
மானை கொன்றது யார்? - சிறுவர் கதை,பாட்டி_சொன்ன_கதைகள்,,கவிஞர் கே இனியவன் ,"காட்டை அடுத்து மலைக்கோட்டை என்ற சிற்றூர் இருந்தது. அங்கே ஒரு உழவன் வாழ்ந்து வந்தான். அவன் மான் ஒன்றை அன்பாக வளர்த்து வந்தான். அந்த மானும், அவனிடம் அன்பாக இருந்தது. வேலை முடிந்து அவன் வீட்டிற்கு வருவான். அவனை வரவேற்க, மான் துள்ளிக் குதித்தபடியே ஓடி வரும். அவனைச் சுற்றி, சுற்றி வந்து தன் மகிழ்ச்சியைக் காட்டும்.","(1-Jul-13, 4:43 pm)",கவிப்புயல் இனியவன்,1449 
கலியுகம்  ஹைக்கூ,பாட்டி_சொன்ன_கதைகள்,வாழ்க்கை,வாசவன்-தமிழ்பித்தன்-வாசு�,"இங்கு பொய் விலை பேசப்படுகிறது ","(17-Aug-17, 5:38 pm)",வாசுதேவன்தேசிகாச்சாரி வாசவன்-தமிழ்பித்தன்,981 
சுயபுத்தி!,பாட்டி_சொன்ன_கதைகள்,,தினேஷ்,"ஒரு தந்தையும் மகனும் தங்களுடைய கழுதையை விற்பதற்காக சந்தைக்கு ஒட்டி சென்று கொண்டிருந்தனர். அதைப் பார்த்த வழிப்போக்கர்கள் சிலர் இவர்களைப் பார்த்து, ""பாரேன், இவர்களை, அற்புதமான கழுதையை ஓட்டிக் கொண்டு நடந்து சென்று கொண்டிருக்கிறார்கள். இவர்களில் யாராவது அதில் ஏறிச் செல்லலாம். ஆனால் பொருளைக் கொடுத்த கடவுள் அதைப் பயன்படுத்த அறிவைக் கொடுக்கவில்லை, இவர்களுக்கு"" என்று ஏளனம் செய்தனர்.","(4-Sep-12, 12:16 pm)",dine,435 
வியாபாரி,பாட்டி_சொன்ன_கதைகள்,என் வழிப் பயணத்தில்,படித்ததில் பிடித்தது ,"பேருந்து நிலையத்தில் பழ வியாபாரம் செய்யும் முதியவர் ஒருவர், அந்தப் பேருந்தில் பழக் கூடையுடன் ஏறினார். 'ஐந்து பழங்கள் பத்து ரூபாய்!' என்று கூவி, பழங்களை விற்க முயன்றார். எவரும் பழம் வாங்க முன்வரவில்லை. சுமக்க முடியாமல் சுமந்தபடி முதியவர் கீழே இறங்கியதும், இளைஞன் ஒருவன் பேருந்தில் ஏறினான். 'ஆறு பழங்கள் பத்து ரூபாய்!' என்று கூவினான். அவனுக்கு நல்ல விற்பனை.","(23-Jan-15, 8:02 pm)",மணிவாசன் வாசன்,370 
புத்திசாலி ஜிட்டு,பாட்டி_சொன்ன_கதைகள்,,பரஞ்சோதி,"உடல் நலமில்லாத மகன் ஜிட்டுவோடு டாக்டரைப் பார்க்கப் போய்க் கொண்டிருந்தாள் ஜானகி. மாட்டுவண்டியில் காட்டு வழியாகப் போக வேண்டியிருக்கிறதே என்று கவலையோடு இருந்தாள்.","(31-May-12, 4:23 pm)",dine,418 
உண்மையான குற்றவாளி,பாட்டி_சொன்ன_கதைகள்,,படித்தேன் பகிர்ந்தேன் ,"உண்மையான குற்றவாளி!","(30-Nov-15, 3:07 pm)",கவிப்புயல் இனியவன்,764 
ஞானம்,பாட்டி_சொன்ன_கதைகள்,,Rupa,"ஒரு முறை எண்ணெய் வியாபாரி ஒருவர், குருதேவர் ராமகிருஷ்ண பரமஹம்சரைத் தரிசிப்பதற்காக வந்திருந்தார். அவர் நெடுநேரம் குருதேவரின் செயல்பாடுகளைப் பார்த்தபடியே பேசாமல் அமர்ந்திருந்தார்.","(26-Oct-12, 4:52 pm)",dine,210 
வித்தியாசமான உதவி !,பாட்டி_சொன்ன_கதைகள்,,Prakash,"ஒரு காட்டில் ஒரு இளைஞன் நடந்து போய்க் கொண்டிருந்தான். அவனுக்குப் பசியெடுத்தது. ஒரு மரத்தில் உயரத்தில் கனிந்த பழங்கள் இருப்பதைக் கண்டான். மரத்தின் மேல் சரசரவென்று ஏறி அவற்றில் சில பழங்களைப்... பறித்துத் தின்றான். மிகக் கனிந்த வாசனையுள்ள பழங்கள் கிளைகளின் நுனியில் இருந்தன. அவற்றை எட்டிப் பறிக்கக் கிளையின் மேல் நகர்ந்து சென்ற போது அவனது பாரம் தாங்காமல் ஒரு கிளை முறிந்து விட்டது.","(25-Jan-13, 4:29 pm)",dine,847 
நம் எண்ணம் போலவேதான்,பாட்டி_சொன்ன_கதைகள்,என் வவிழிப் பாதையில்,படித்ததில் பிடித்தது ,"ஒரு சந்நியாசியிடம் அவர் சிஷ்யன் ஒருநாள்,","(4-Mar-15, 11:07 pm)",மணிவாசன் வாசன்,794 
கஞ்ச வியாபாரியும் முட்டாள் உதவியாளர்களும்,பாட்டி_சொன்ன_கதைகள்,,பரஞ்சோதி,"முன்னொரு காலத்தில் பணக்கார துணி வியாபாரி ஒருவன் இருந்தான், பணக்காரனாக இருந்தாலும் படும் கஞ்சன். அவனிடம் வேலை செய்தவர்கள் அனைவரும் படும் முட்டாள்கள். எங்கே புத்திசாலிகளை வேலைக்கு வைத்தால் அதிக சம்பளம் கொடுக்கணும் என்றும், தன்னிடமே படித்து எங்கே தனக்கு போட்டியாக வியாபாரம் தொடங்கிடுவாங்கன்னு நினைத்தான்.","(31-May-12, 12:26 pm)",dine,463 
மந்திரவாதி கிட்டு!,பாட்டி_சொன்ன_கதைகள்,,Hari,"முல்லைக்காட்டுக்கு புதிதாக குரங்கு ஒன்று வந்தது. அந்த குரங்கின் பெயர் கிட்டு! அது நிறைய மந்திர வித்தைகளை செய்து காட்டியது.","(25-Jan-13, 11:02 am)",,366 
அகந்தை,பாட்டி_சொன்ன_கதைகள்,,Saravanan,"உலகப் பிரசித்தி பெற்ற துறவி ஒருவர் ஒரு நாட்டுக்கு விஜயம் செய்தார். ஊருக்கு ஒதுக்குப் புறத்தில் ஒரு குடிசைபோட்டுத் தங்கி, நாட்டு மக்களுக்கு உபதேசம் செய்யத் தொடங்கினார்.","(25-Jan-13, 12:00 pm)",,256 
பாட்டி சொன்ன கதை,பாட்டி_சொன்ன_கதைகள்,,அஜித்குமார்,"நான் சிறுவனாக இருந்த போது என் பாட்டி சொன்ன கதைகளை இங்கு பகிர்ந்துள்ளேன்.","(1-Feb-13, 2:57 pm)",அஜித் குமார்,1338 
கதைகளுடன் சில விடுகதைகளும்,பாட்டி_சொன்ன_கதைகள்,,படித்தேன் பகிர்ந்தேன் ,"கதைகளுடன்.. சில விடுகதைகளும்","(3-Nov-15, 10:07 pm)",கவிப்புயல் இனியவன்,806 
வல்லவனுக்கு வல்லவன்,பாட்டி_சொன்ன_கதைகள்,,பரஞ்சோதி,"மன்னர் மகிபாலனின் அரசவையில் பாலா என்ற விகடகவி இருந்தார். விகடகவியின் புத்திக்கூர்மை மன்னருக்கு மிகவும் பிடித்துப் போனதால் அவரை தனது அரசாங்க ஆலோசகராகவும் நியமித்துக் கொண்டார்.","(31-May-12, 4:16 pm)",dine,363 
இரண்டு சீடர்கள்!,பாட்டி_சொன்ன_கதைகள்,,பரஞ்சோதி,"ஒரு காட்டில் கருணைவேந்தன் என்ற முனிவர் ஆசிரமத்தை அமைத்து தம் சீடர்களுக்குக் கல்வி புகட்டி வந்தார். அவரது சீடர்களில் எல்லாச் சீடர்களையும் விட முன்னதாக விளங்கினர் மகிமைதாசன், சந்துரு என்பவர்கள்.","(31-May-12, 4:42 pm)",dine,410 
ஆசை அழித்து விடும்!,பாட்டி_சொன்ன_கதைகள்,,Rupa,"முனிவர் ஒருவரின் தவத்தை மெச்சி கடவுள் அவருக்கு காட்சி கொடுத்து, ""என்ன வரம் வேண்டும்?"" என்று கேட்டார்.","(26-Oct-12, 5:00 pm)",dine,289 
நெய் வழக்கு!,பாட்டி_சொன்ன_கதைகள்,,Dinesh,"ஓர் ஊரில் இரண்டு ஆயர்குல மாதர்கள் இருந்தனர். அவர்கள் இருவர் வீடும் எதிரெதிரே அமைந்திருந்தன. ஒருத்தி பெயர் யசோதை. மற்றவள் பெயர் துர்கா.","(19-Jul-12, 3:09 pm)",dine,479 
சிறு துளிகள் பெருவெள்ளம்,பாட்டி_சொன்ன_கதைகள்,,ஸ்ரீனிவாசன்,"ஒரு ஊரில் நலங்கிள்ளி வளவன் என்று ஒரு மன்னன் இருந்தான். அவனுடைய அங்க தேசம் மிக வளமான நாடு. மிகப் பெரிய நாடாக இல்லை என்றாலும் அவன் நாடு யாருக்கும் அடி பணியாமல் இருந்தது. மன்னனுக்கோ போதும் என்ற மனம்;  தயாள குணம். தன்னுடைய அண்டை நாட்டு மன்னர்களின் நன்மதிப்பைப் பெற்றிருந்தான். அவனுடைய நாட்டு மக்களும் மிக மகிழ்ச்சியுடன் இருந்தனர். சில வருடங்களில் மன்னனுக்கு மிக வயது ஆனதால் தன்னுடைய மகனுக்குப் பட்டம் சூட்டி அழகு பார்த்தான். பின்னர் அக்கால மரபின்படி வடக்கிருந்து உயிர் துறந்தான். ","(4-Jul-13, 10:43 pm)",KayVee,798 
நோஞ்சானிடம் அடி வாங்கிய பயில்வான்,பாட்டி_சொன்ன_கதைகள்,,நவீன்,"ஒரு ஊரில் ஒரு பயில்வான் இருந்தான். ஒரே நேரத்தில் ஆறு, ஏழு பேரை அடித்து வீழ்த்தும் ஆற்றல் பெற்றவன்.","(26-Oct-12, 4:44 pm)",dine,228 
குதிரை !,பாட்டி_சொன்ன_கதைகள்,,Geetha,"பெர்ஷியாவின் சுல்தான் எப்போதும் விந்தையான பொருள்களைக் கண்டால், அவற்றைத் தாம் அடைய விரும்புவார். ஒருநாள் ஓர் இளவரசன் மாயக் குதிரை ஒன்றில் ஏறி அரண்மனை உப்பரிகை மேல் பறந்து கொண்டிருந்தான்.","(25-Jan-13, 5:02 pm)",dine,900 
ஏழைகள் என்று எப்படி சொல்ல முடியும்,பாட்டி_சொன்ன_கதைகள்,என் வழிப் பயணத்தில்,படித்ததில் பிடித்தது ,"ஏழைகள் என்று எப்படி சொல்ல முடியும்?..","(3-Feb-15, 1:09 pm)",மணிவாசன் வாசன்,349 
மருத்துவம்,பாட்டி_சொன்ன_கதைகள்,மருத்துவம்,பிரபுதேவா.சுபா,"நாயுருவி மூலிகைபற்றி சிறு தகவல்","(7-Oct-18, 10:41 am)",பிரபுதேவா சுபா,390 
முன் கோபம்!,பாட்டி_சொன்ன_கதைகள்,,Rupa,"ஒரு முன்கோபக்காரப் பையன் இருந்தான். முணுக்கென்றால் அவனுக்குக் கோபம் வரும்.","(26-Oct-12, 11:31 am)",dine,363 
எதைத் தின்பது?,பாட்டி_சொன்ன_கதைகள்,,பாரதி,"ஒரு வேடன் ஒரு நாள் காட்டில் அலைந்து கொண்டு இருந்தான். காலை முதல் ஒரு விலங்கு கூட அவன் கண்ணில் படாததால் அதிகக் கவலையும், பசியுமாக வருந்தினான். அப்போது எதிர்பாராமல் அவன் எதிரில் ஒரு பெரிய முள்ளம் பன்றி வந்தது. அது பார்ப்பதற்கு ஒரு பெரிய கருப்பான மலையைப் போல இருந்தது. உடனே வேடன் மனம், மகிழ்ச்சியில் துள்ளியது. தனது வில்லில் அம்பை ஏற்றி முள்ளம் பன்றி மீது ஏவினான். அடுத்த நிமிடம் அம்பு முள்ளம் பன்றியின் உடலை துளைத்தது. வலியால் பன்றி பெரிதாக அலறியது என்றாலும் தனக்கு துன்பம் செய்த வேடனை நோக்கி பாய்ந்தது. அவன் வயிற்றைக் கிழித்து அவனைக் கொன்றது.","(25-Jun-12, 5:03 pm)",dine,657 
வேஷம் போட்ட கழுதை,பாட்டி_சொன்ன_கதைகள்,,Muthu,"ஒரு சலவைத் தொழிலாளியிடம் கழுதை ஒன்று இருந்தது. அந்தக் கழுதைக்கு தேவையான தீவனத்தை வைக்க முடியவில்லை. வயிறார புல் மேய்வதற்கு மேய்ச்சல் நிலமும் இல்லை.","(25-Jan-13, 2:40 pm)",dine,341 
சிங்கத்தோல் போர்த்திய நரி,பாட்டி_சொன்ன_கதைகள்,கதை,ஷாமினி குமார்,"அது ஒரு அடர்ந்த காடு. பக்கத்துக் கிராமத்திலிருந்து கழுதை ஒன்று அந்தக் காட்டிற்கு வழி மாறி வந்தது. வரும் வழியில் பல மிருகங்கள் பயத்துடன் ஓடி வந்தன, அதில் ஒரு மானும் இருந்தது. ","(8-Apr-15, 12:11 am)",ஷாமினி அகஸ்டின்,900 
கோவில் கோவிலாகச் சுற்றி வந்தால் ,பாட்டி_சொன்ன_கதைகள்,என் வழிப் பயணத்தில்,படித்ததில் பிடித்தது ,"கோவில் கோவிலாகச் சுற்றி வந்தால் ...","(4-Feb-15, 11:32 am)",மணிவாசன் வாசன்,630 
யாருக்குப் பரிசு?,பாட்டி_சொன்ன_கதைகள்,,கார்த்தி,"ஒரு ஆசிரியர் மாணவர்களை சுற்றுலாவிற்கு அழைத்துச் சென்றார்.","(26-Oct-12, 5:56 pm)",dine,738 
நம்மை நாடியவருக்கு உதவுவோம்,பாட்டி_சொன்ன_கதைகள்,சிந்தனை சிறக்க,படித்ததில் சுவைத்தது ,"நம்மை நாடியவருக்கு உதவுவோம்!","(21-Aug-15, 11:15 am)",நகைச்சுவைமன்னன்,558 
நன்றி மறந்த சிங்கம்,பாட்டி_சொன்ன_கதைகள்,,பரஞ்சோதி,"முல்லை மலர் என்ற காட்டில் விறகு வெட்டுவதற்காக சென்று கொண்டிருந்தான் மனிதன் ஒருவன்.","(31-May-12, 4:53 pm)",dine,588 
மகாத்மா காந்தியின் வாழ்க்கையில்,பாட்டி_சொன்ன_கதைகள்,,பரஞ்சோதி,"காந்திஜி தனது சபர்மதி ஆசிரமத்தில் தங்கியிருந்த காலத்தில் ஒரு வாலிபன் அங்கு தங்கி பணிவிடைகள் செய்வதற்காக வந்து சேர்ந்தான்.","(31-May-12, 4:51 pm)",dine,534 
கோவணம்!,பாட்டி_சொன்ன_கதைகள்,,Karthi,"எல்லாவற்றையும் துறந்து விடு என்று ஒரு குரு சொல்லக் கேட்டு ஒரு சிஷ்யன் ஒரே ஒரு தவிர்க்க முடியாத கோவணத்துடன் ஊருக்கு வெளியே வாழ்ந்து வந்தான்.","(25-Jan-13, 3:13 pm)",dine,483 
பேராசை பெருநஷ்டம்!,பாட்டி_சொன்ன_கதைகள்,,பாரதி,"ஒரு தெருவில் மூதாட்டி ஒருத்தி சென்று கொண்டிருந்தாள். அவள் கழுத்தில் அணிந்திருந்த ஐந்து பவுன் சங்கிலி ஒரு திருடனின் கண்ணில் பட்டுவிட்டது. சற்று நேரத்தில் அவளது காலடி யருகே ஏதோ ஒரு பை உருண்டு வந்தது. பாட்டி பையை எடுத்துப் பார்த்தாள். உள்ளே தகதகவென ஒரு தங்கக்கட்டி ஜொலித்தது. சுற்றுமுற்றும் பார்த்தவள் யாரும் பார்க்காததை உறுதி செய்து கொண்டு, கட்டியை மட்டும் எடுத்து முந்தானையில் முடிந்துகொண்டாள்.","(25-Jun-12, 4:55 pm)",dine,700 
அடி கொடுத்த முல்லா,பாட்டி_சொன்ன_கதைகள்,,முக நூல் ,"அடி கொடுத்த முல்லா: ","(15-Oct-15, 7:47 pm)",கவிப்புயல் இனியவன்,396 
பன்றிக் குட்டி!,பாட்டி_சொன்ன_கதைகள்,,கார்த்தி,"ஒரு காட்டில் பெரிய ஆண் புலி ஒன்று வசித்து வந்தது. ஒரு நாள் மதிய வெயிலில் மிகப் பெரிய காட்டுமானை அடித்துக் கொன்று, பிறகு மெதுவாக மான் இறைச்சியை ரசித்து உண்ண ஆரம்பித்தது. வயிறு முட்ட உண்ட பிறகு தாகம் எடுத்தது. நேராகக் குட்டையை நோக்கிச் சென்றது. சிறிது தொலைவில் மரங்கள் அடர்ந்த பகுதியில் குட்டைத் தண்ணீர் தேங்கி இருந்தது. அந்த இடத்திற்கு புலி சென்றபோது, ஒரு பன்றிக் குட்டி குட்டையில் குளித்து, நீச்சல் அடித்துக் கொண்டிருந்தது.","(26-Oct-12, 5:56 pm)",dine,940 
மூத்தோர் சொல்லே மந்திரம்,பாட்டி_சொன்ன_கதைகள்,,படித்தேன் பகிர்ந்தேன் ,"மூத்தோர் சொல்லே மந்திரம்!","(2-Nov-15, 3:03 pm)",கவிப்புயல் இனியவன்,813 
கிழவர் கேட்ட கேள்வி!,பாட்டி_சொன்ன_கதைகள்,,பரஞ்சோதி,"பாண்டிய நாட்டை ராசராசன் என்ற மன்னன் ஆண்டு வந்தான். அவன் மனைவி ஓரளவிற்கு இசைஞானம் உடையவள்; சிறந்த அழகியும் கூட.","(31-May-12, 4:41 pm)",dine,474 
வாழ்க்கை,பாட்டி_சொன்ன_கதைகள்,வாழ்க்கை,படித்ததில் பிடித்தது ,"தவறிழைத்த அரசனொருவனைச் சினங்கொண்ட முனிவர் ஒருவர்,''நீ நாளையே பன்றியாகிச் ","(29-Nov-14, 10:00 pm)",மணிவாசன் வாசன்,518 
"சலிப்பும், எரிச்சலும்",பாட்டி_சொன்ன_கதைகள்,சிந்தனை சிறக்க,படித்ததில் சுவைத்தது ,"சலிப்பும், எரிச்சலும்....","(20-Aug-15, 3:53 pm)",நகைச்சுவைமன்னன்,309 
பழயதானாலும்   பழுதாகி போனாலும்,பாட்டி_சொன்ன_கதைகள்,,MANUNEETHICHOZHAN,"உடல் பழயதானாலும்","(12-Jun-12, 12:29 am)",manuneethichozhan,452 
கற்பனை கோட்டை!,பாட்டி_சொன்ன_கதைகள்,,Rupa,"ஒரு ஊரில் சுந்தரம் என்று ஒருவன் இருந்தான். அவன் மனைவி பெயர் விஜயா. அவர்கள் வீட்டிற்கு அடுத்த வீட்டில் ஒரு பெரியவர் இருந்தார். அவர் பெயர் ரங்கன். இருவரும் மிகுந்த ஏழை. ஆனாலும் வெட்டிக் கதை பேசுவதில் வல்லவர்கள். கனவுலகத்திலேயே சஞ்சரிப்பவர்கள். உடமை என்று சொல்லிக் கொள்ள அவர்களிடம் சில சட்டிப் பானைகள் தானிருந்தன. ஆனாலும் தினசரி என்ன வியாபாரம் செய்யலாம். என்ன தொழில் செய்யலாமென்று கணவனும், மனைவியும் பேசிக் கொண்டே இருப்பர். ஏதாவது ஒரு தொழில் செய்யலாமென்று தீர்மானிப்பர். உடனே அந்த தொழில் எப்படி விருத்தியாகிறது. எவ்வளவு லாபம் கிடைக்கிறது. தாங்கள் என்னென்ன சுகம் அனுபவிப்பது என்றெல்லாம் வாய் கிழிய பேசி பொழுதை கழிப்பர்.","(26-Oct-12, 5:46 pm)",dine,432 
அம்மா,பாட்டி_சொன்ன_கதைகள்,அம்மா,,"ஒரு விரலாய்...மறு குரலாய் இருப்பாயடா","(13-Jan-14, 8:26 pm)",tamil azhagan,972 
ஏழை மாணவன்,பாட்டி_சொன்ன_கதைகள்,,Rupa,"ஒரு ஆசிரமத்தில் முனிவர் ஒருவர் தன் சீடர்களுக்கு தியானம், யோகா கற்றுக் கொடுத்தார். அவர் சாத்திரங்களைக் கற்றுக் கொடுத்து மாணவர்களை மிகவும் வல்லவராக்கினார். எனவே அவரது குருகுலத்தில் படிப்பதற்கு நிறைய போட்டி இருந்தது. அங்கு மன்னர், அமைச்சர், செல்வந்தர்கள் என வசதி படைத்தவர்கள் மட்டுமே சேர்த்துக் கொள்ளப்பட்டனர்.","(26-Oct-12, 5:08 pm)",dine,307 
கழுத்து ஏன் கோணலாக உள்ளது,பாட்டி_சொன்ன_கதைகள்,,படித்தேன் பகிர்ந்தேன் ,"ஒட்டகத்தின் கழுத்து ஏன் கோணலாக உள்ளது - பீர்பால்","(30-Nov-15, 3:11 pm)",கவிப்புயல் இனியவன்,1095 
உலகத்திற்கு உப்பாய் இரு,பாட்டி_சொன்ன_கதைகள்,,ந. உதயகுமார்,"ஒரு காலத்தில் இந்திரத்யும்னன் என்று ஒரு மாமன்னன் இருந்தான். அவன் ஆட்சி காலத்தில் மக்கள் போற்றும் வண்ணம் தான தர்மங்கள் செய்து, சிறப்பாக அரசாண்டு, நேரே சொர்க்கத்திற்குப் போனான். சொர்க்கபுரியின் இன்பத்தில் திளைத்துக் கொண்டிருந்த அவனை ஒரு நாள் சொர்க்கத்தின் 'தலை' கூப்பிடுவதாக தேவதூதன் வந்து சொன்னான். மன்னன் சென்று என்னவென்று கேட்ட போது 'உனக்கு சொர்க்க வாசம் முடிந்து விட்டது. பூலோகத்திற்கு நாளை கிளம்பத் தயாரக இரு' என்று கட்டளை போட்டது 'தலை'. ஏனென்று மன்னன் கேட்டான். 'நீ செய்த நல்ல காரியங்களை நினைவில் வைத்திருக்க யாருமே இனிமேல் பூலோகத்தில் உயிருடன் இல்லை. இன்றுடன் அந்த கணக்குத் தீர்ந்து விடும். ஆகவே கிளம்பும் வழியைப் பார்' என்று பதில் வந்தது. 'இதற்குத் தீர்வே இல்லையா?' என்று மன்னன் முறையிட்டான். 'தலை' முகவாயைச் சொறிந்து கொண்டு யோசித்தது. பிறகு 'மன்னா, நீ கீழே போய் உனது நற்காரியங்களால் இன்னும் பலன் பெறும் ஒரு ஜீவனையாவது கண்டு பிடித்தால் உனக்கு சொர்க்கம் நீடிக்கப் படும்' என்று சொன்னது.","(31-May-12, 2:52 pm)",dine,468 
நல்முத்துக்கள்!,பாட்டி_சொன்ன_கதைகள்,,Dinesh,"கந்தன் என்பவரிடம் இரண்டு நல்முத்துக்கள் இருந்தன. அவை இரண்டும் விலை மதிப்பு உடையவை. நீண்ட நாட்களாக அவைகளை அவர் காப்பாற்றி வந்தார்.","(19-Jul-12, 3:24 pm)",dine,480 
மேதைகள்!,பாட்டி_சொன்ன_கதைகள்,,தினேஷ்,"முன்னொரு சமயம் விஷ்லர் என்ற ஓர் ஓவிய நிபுணர் இருந்தார். அவர் ஓவிய நிபுணர் மட்டுமல்ல. தலை சிறந்த மேதையும் கூட. அவர் வசித்து வந்த ஊரில் மற்றொரு ஓவியர் ஒருவர் இருந்தார். அவர் பெயர் ரோசெட்டி என்பதாகும்.","(4-Sep-12, 3:51 pm)",dine,451 
அரசியல் தலைவர்,பாட்டி_சொன்ன_கதைகள்,,முக நூல் ,"ஒரு புகழ்பெற்ற அரசியல் தலைவர் தன் நாயுடன் வாக்கிங் சென்று கொண்டிருந்தார்.","(15-Oct-15, 7:43 pm)",கவிப்புயல் இனியவன்,232 
பாட்டி சொன்ன கவிதை,பாட்டி_சொன்ன_கதைகள்,பேத்தி பாட்டி அசத்தல்,கவின் சாரலன் ,"கதை சொல்லும் பாட்டி ","(29-Jul-14, 8:35 am)",கவின் சாரலன்,893 
21  மடப்பயலே,பாட்டி_சொன்ன_கதைகள்,,படித்தேன் பகிர்ந்தேன் ,"மடப்பயலே...","(10-Dec-15, 6:40 pm)",கவிப்புயல் இனியவன்,2220 
துறவி கையில் கிடைத்த சிலம்பு!,பாட்டி_சொன்ன_கதைகள்,,கார்த்தி,"ஒரு ராஜாவின் அரண்மனையில் சிலம்பு ஒன்று காணாமல் போய்விட்டது. அரசனுக்கு கடுமையான கோபம். சிலம்பை ஒரு மாதத்துக்குள் கண்டுபிடித்து தருபவர்களுக்கு பரிசளிக்கப்படும் என்று அறிவித்தார். ஒரு மாதத்துக்கு பிறகு கண்டுபிடிக்கப்பட்டால் மரண தண்டனை என்றும் அறிவித்தார்.","(26-Oct-12, 5:57 pm)",dine,1072 
நான்கு திருடர்கள்!,பாட்டி_சொன்ன_கதைகள்,,Dinesh,"நான்கு திருடர்கள் கூட்டாக பொன்னும் பொருளும் திருடிக்கொண்டு வந்தார்கள். அவைகள் அனைத்தையும் ஒரு தோண்டியில் போட்டு நிரப்பி வைத்தார்கள். அதைப் பத்திரமாக ஓர் இடத்தில் வைக்க ஆசைப்பட்டார்கள்.","(19-Jul-12, 3:30 pm)",dine,862 
கஞ்ச மகா பிரபு,பாட்டி_சொன்ன_கதைகள்,,பரஞ்சோதி,"பட்டினப்பாக்கத்தில் ஜம்பு என்ற செல்வந்தர் இருந்தார். அவரிடம் ஏராளமான செல்வம் இருந்தது. இருப்பினும் சரியான கஞ்சன்.","(31-May-12, 12:02 pm)",dine,432 
சூரியன் உதித்ததா ..?,பாட்டி_சொன்ன_கதைகள்,,கவிஞர் இனியவன்,"ஒரு கிராமத்தில் பாட்டி ஒருவரிடம் தான் நெருப்பும் ","(23-Jan-13, 9:30 pm)",கவிப்புயல் இனியவன்,256 
கடனாக வாங்கிய நெய்,பாட்டி_சொன்ன_கதைகள்,,வீரமணி,"ஓர் ஊரில் இரண்டு ஆயர்குல மாதர்கள் இருந்தனர். அவர்கள் இருவர் வீடும் எதிரெதிரே அமைந்திருந்தன. ஒருத்தி பெயர் யசோதை. மற்றவள் பெயர் துர்கா.","(26-Oct-12, 3:14 pm)",dine,191 
பாட்டி இல்லை,பாட்டி_சொன்ன_கதைகள்,பாட்டி,மீனா சோமசுந்தரம் ,"பாட்டி சொன்னாள்","(14-Dec-13, 11:18 pm)",Meena Somasundaram,617 
நயவஞ்சக நரி,பாட்டி_சொன்ன_கதைகள்,,பரஞ்சோதி,"ஒரு காட்டில் நரி ஒன்று இருந்தது. ஒரு முறை அதற்கு நிறைய உணவு ஒரே வேளையில் சாப்பிட வேண்டுமென்று விரும்பிற்று. அதற்கான தருணம் எப்போது வாய்க்கப் போகிறதோ என்று காத்துக் கொண்டிருந்தது.","(31-May-12, 11:54 am)",dine,484 
பாட்டி வடை சுட்ட கதை,பாட்டி_சொன்ன_கதைகள்,,தினேஷ்,"ஒரு ஊரில் பாட்டி ஒருத்தி வடை சுட்டு விற்று வந்தாள். ஒரு நாள் அவ்வழியாக பறந்து வந்த காக்கா ஒன்று ஒரு வடையை திருடி வாயால் தூக்கிச் சென்று உண்பதற்காய் மரக்கிளையில் அமர்ந்தது.","(4-Sep-12, 5:33 pm)",dine,1127 
அழகிய குகை!,பாட்டி_சொன்ன_கதைகள்,,பார்த்தி,"அது ஒரு காலை நேரம். ஆண் நரியும் பெண் நரியும் ஒரு அழகிய குகைக்குள் நுழைந்தன. அந்தக் குகை பெண் நரிக்கு மிகவும் பிடித்துவிட்டது. அது ஒரு புலியின் குகை. அந்த குகையில் வசிக்கும் புலி காலை நேரமானதும் புறப்பட்டு வெளியே இரை தேடச் சென்று மாலையானதும் அந்த குகைக்கு திரும்பி வரும்.","(25-Jun-12, 5:29 pm)",dine,671 
பழ மொழிகள்,பாட்டி_சொன்ன_கதைகள்,,படித்ததில் பிடித்தது ,"''எறும்பு முட்டை கொண்டு திட்டை ஏரின்  மழை பெய்யும் ''","(29-Apr-13, 11:59 am)",ஜெய ராஜரெத்தினம்  ,1502 
காக்கையும் நரியும்  கணினி காலத்தில் ,பாட்டி_சொன்ன_கதைகள்,,,"பாப்பா பாப்பா ","(27-Oct-13, 10:34 am)",Venkatachalam Dharmarajan,1071 
பங்கு பிரித்தல் என்றால் என்ன,பாட்டி_சொன்ன_கதைகள்,,,"ரீபோக் ஷூ,டோரா டிசர்ட் ","(25-Nov-13, 6:11 pm)",Aswini Dhyanesh,664 
பீர்பால் கதைகள் தத்துவம் நிறைந்தவை,பாட்டி_சொன்ன_கதைகள்,,முக நூல் ,"அக்பர் பீர்பல், இவர்கள் இருவரையும் இணைத்து பல கதைகள் எழுதப்பட்டுள்ளன. இவையாவும் அக்பர் சாம்ராஜ்யத்தில் நடந்ததா இல்லையா என்பது கம்பராமாயணம் ஒரு நடந்த சம்பவமா, இல்லை அது வால்மீகி முனிவரால் எழுதப்பட்ட ஒரு முழு நீளச் சித்திரமா என்பதைப்போன்ற ஒன்றானாலும், இவர்களை மேற்கோள் காட்டி பல வாழ்க்கை நீதிகள் அவற்றில் சொல்லப் பட்டிருக்கிறது என்பதுதான் நாம் அறியவேண்டிய ஓர் உண்மை. அக்பர்-பீர்பல் கதைகளில் பல வாழ்க்கைப் பிரச்சனைகளை, இக்கட்டான சூழல்களைச் சந்திக்கும்போது அதிலிருந்து விடுபடவும், வாழ்க்கையில் நாம் வெற்றிகாணவும் அவற்றுள் பல தத்துவங்கள் பொதிந்து கிடக்கின்றன. இவற்றையெல்லாம் உணர்ந்து நான் சொல்லும் ஓர் பீர்பல் கதையைப் பார்ப்போம்.","(15-Oct-15, 7:26 pm)",கவிப்புயல் இனியவன்,344 
குருவி செய்த உதவி,பாட்டி_சொன்ன_கதைகள்,,தினேஷ்,"ஓர் ஊரில் பெரிய பண்ணையார் ஒருவர் இருந்தார். அந்த ஊரில் இருந்த பெரும்பாலான நிலங்கள் அவருக்குத்தான் சொந்தம்.","(26-Oct-12, 3:26 pm)",dine,223 
"தேவதை மகளும், நண்பர்களும்",பாட்டி_சொன்ன_கதைகள்,,படித்தேன் பகிர்ந்தேன் ,"தேவதை மகளும், நண்பர்களும்!","(28-Oct-15, 10:26 pm)",கவிப்புயல் இனியவன்,690 
படைப்பின் ரகசியம் என்ன?,பாட்டி_சொன்ன_கதைகள்,,Manoj,"ஆசிரமம் ஒன்று இருந்தது. ஆசிரமத்தில் குருவும், நான்கு சீடர்களும் வசித்து வந்தார்கள். பக்கத்தில் உள்ள கிராமங்களுக்குச் சென்று மக்களை நல்வழிப்படுத்தும் வேலையை அந்த குரு செய்து கொண்டிருந்தார்.","(25-Jan-13, 3:11 pm)",dine,556 
எதை நினைப்பது? எதை மறப்பது?,பாட்டி_சொன்ன_கதைகள்,,Prakash,"இரண்டு நண்பர்கள் ஒரு பாலைவனத்தின் நடுவே நடந்து போய்க் கொண்டு இருந்தார்கள்.","(25-Jan-13, 3:09 pm)",dine,537 
குளிர்ச்சியா இருக்கே,பாட்டி_சொன்ன_கதைகள்,,படித்தேன் பகிர்ந்தேன் ,"குளிர்ச்சியா இருக்கே!","(10-Dec-15, 6:37 pm)",கவிப்புயல் இனியவன்,1202 
ஏகலிங்கமாம் சொக்கலிங்கம் உண்டே துணை,பாட்டி_சொன்ன_கதைகள்,ஆன்மிகம்,யாழினி குழலினி ,"ஓர் ஊரில் இரண்டு சிவனடியார்கள் வாழ்ந்து வந்தனர்.  ஒருவர் பார்வைப் புலனற்றவர் மற்றொருவர் கால் முடமானவர்.  இருவரும் மிகுந்த வறுமையில் வாடிய போதும் சிவபெருமான் மீது அளவற்ற அன்பும் ஈடுபாடும் கொண்டிருந்தனர்.  அவர்கள் இருவரையும், மாற்றுத் துணி கூட வாங்க இயலாத அளவிற்கு, வறுமை வாட்டி வதைத்து.","(6-Mar-14, 4:25 pm)",Yaazhini Kuzhalini,439 
நாய் சந்தை,பாட்டி_சொன்ன_கதைகள்,,ராஜா,"ஒரு நாள், ஏழைக் குடியானவன் ஒருவன், தெருவில் சென்று கொண்டிருந்தான். அப்போது வழியில் அவனது பக்கத்து வீட்டுக்காரனைச் சந்தித்தான்.","(26-Oct-12, 3:28 pm)",dine,224 
துன்பம்!,பாட்டி_சொன்ன_கதைகள்,,தினேஷ்,"அது பல படுக்கைகள் கொண்ட பெரிய மருத்துவமனை.   அவற்றில் ஒரு அறையில் இரு தீவிர  நோயாளிகள். ஒருவரை இன்னொருவர் பார்த்தது இல்லை. இருவருக்குமிடையே ஒரு தடுப்புச் சுவர். ஒருவர் படுக்கை சன்னல் அருகில். இன்னொருவருக்கு சன்னல் கிடையாது. எப்போதாவது வந்து செல்லும் மருத்துவச் செவிலியைத் தவிர தனிமை.. தனிமை.. தனிமை..!","(4-Sep-12, 5:00 pm)",dine,545 
நாளைய பாட்டி சொல்லும் கதை -அப்பாவி மான்களும் வேட்டை மிருகங்களும்,பாட்டி_சொன்ன_கதைகள்,வாழ்க்கை,sarvaki,"நாளை (ய) பாட்டி சொல்லும் கதை ","(14-Mar-14, 10:41 am)",sarvaki,1079 
உணவே மருந்து,பாட்டி_சொன்ன_கதைகள்,நாட்டுப்புறம்,செயா ரெத்தினம் ,"ஓதாமல் ஒரு நாளும் இருக்க வேண்டாம் ","(2-Jun-12, 5:14 am)",ஜெய ராஜரெத்தினம்  ,712 
பிடிக்கவில்லை,பாட்டி_சொன்ன_கதைகள்,,முக நூல் ,"முல்லா நஸ்ருதீன் மன்னருடன் நெருங்கிய தொடர்பு வைத்திருந்தார், அது அரசுசவையில் இருந்த பலருக்கு பிடிக்கவில்லை.","(15-Oct-15, 7:51 pm)",கவிப்புயல் இனியவன்,545 
சாவிலிருந்து தப்பிக்க என்ன வழி?,பாட்டி_சொன்ன_கதைகள்,,வேல் முருகன்,"எண்ணினார்.","(26-Oct-12, 4:00 pm)",dine,244 
காக்கா உட்கார பனம் பழம் விழுந்தது.,பாட்டி_சொன்ன_கதைகள்,,,"இரண்டு ஜப்பானியர்கள் நியுயார்க் சென்றார்கள். அங்கே நகரத்தைச் சுற்றிப் பார்க்க ரயில் நிலையம் சென்றார்கள். ஒரு பழக்கடையைப் பார்த்தார்கள். ஆப்பிள், ஆரஞ்சுப் பழங்கள் நிறைய இருந்த அந்தக் கடையில் அவர்கள் பார்த்திராத ஒரு பழமும் இருந்தது.","(2-Dec-12, 11:00 am)",dkmalathi,650 
தெளிந்த மனம்,பாட்டி_சொன்ன_கதைகள்,காதல் தோல்வி,குழலோன்,"காதல் என்னைத் துறந்தாலும்","(3-Oct-13, 9:02 pm)",குழலோன்,895 
புத்தியில்லாதவர்களின் வேலை,பாட்டி_சொன்ன_கதைகள்,,தினேஷ்,"அந்த ஊர்ப் பண்ணையார் வீட்டில் துணி துவைப்பதற்கு ஆள் தேவையாக இருந்தது.","(26-Oct-12, 3:55 pm)",dine,256 
ராஜா நல்ல ராஜா!,பாட்டி_சொன்ன_கதைகள்,,தினேஷ்,"நாட்டரசன்புரம் என்ற நாட்டை மார்த்தாண்டன் என்ற மன்னன் ஆண்டார். அவர் தனது நாட்டில் பல சிரமங்களுக்கிடையில் மிகப்பெரிய பூந்தோட்டம் ஒன்றை அமைத்தார். அதில் எல்லாவகையான பூச்செடிகளையும் வளர்த்தார்.","(4-Sep-12, 12:15 pm)",dine,403 
வெற்றிக் களிப்பு வெகுநேரம் நிலைக்காது ,பாட்டி_சொன்ன_கதைகள்,என் வழிப் பயணத்தில்,படித்ததில் பிடித்தது ,"வெற்றிக் களிப்பு வெகுநேரம் நிலைக்காது. ","(4-Feb-15, 11:23 am)",மணிவாசன் வாசன்,465 
"உழைப்பே உயர்வைத் தரும்,",பாட்டி_சொன்ன_கதைகள்,என் வழிப் பயணத்தில்,படித்ததில் பிடித்தது ,"உழைப்பே உயர்வைத் தரும்.,","(17-Feb-15, 5:50 pm)",மணிவாசன் வாசன்,897 
பாட்டி வைத்தியம்,பாட்டி_சொன்ன_கதைகள்,மருத்துவம்,ஜெய ராஜரெத்தினம்,"கர்பிணிப்   பெண்களுக்கு....","(12-Nov-14, 7:44 am)",ஜெய ராஜரெத்தினம்  ,546 
காணும் பொங்கல்  ,பாட்டி_சொன்ன_கதைகள்,,ஸ்ரீவை.காதர்,"காணும் பொங்கல் !","(16-Jan-14, 9:05 am)",கவிஞர்இறைநேசன்,539 
வித்தியாசமான உதவி !,பாட்டி_சொன்ன_கதைகள்,,,"ஒரு காட்டில் ஒரு இளைஞன் நடந்து போய்க் கொண்டிருந்தான். அவனுக்குப் பசியெடுத்தது. ஒரு மரத்தில் உயரத்தில் கனிந்த பழங்கள் இருப்பதைக் கண்டான். மரத்தின் மேல் சரசரவென்று ஏறி அவற்றில் சில பழங்களைப் பறித்துத் தின்றான். மிகக் கனிந்த வாசனையுள்ள பழங்கள் கிளைகளின் நுனியில் இருந்தன. அவற்றை எட்டிப் பறிக்கக் கிளையின் மேல் நகர்ந்து சென்ற போது அவனது பாரம் தாங்காமல் ஒரு கிளை முறிந்து விட்டது.","(2-Dec-12, 11:04 am)",dkmalathi,614 
குருவின் நல்ல உள்ளம்,பாட்டி_சொன்ன_கதைகள்,,பரஞ்சோதி,"ஒருநாள், முனிவர் சித்தானந்தர் தம் சீடர்களுடன் நகரத்தின் தெருக்கள் வழியாக நடந்து கொண்டிருந்தார். அவர் சிறந்த ஞானி. எனவே, மக்கள் அவரை மிகவும் மதித்தனர். அவர் சீடர்கள் அவரைத் தொடர்ந்து சென்றனர்.","(31-May-12, 5:03 pm)",dine,652 
நள்ளியும் புள்ளியும்!,பாட்டி_சொன்ன_கதைகள்,,பாபு நடேசன்,"பேரன் சந்தர் கேள்விக்கு பதில் சொல்லத் தெரியாமல் யோசித்துக் கொண்டிருக்கும் பேத்தி புவனாவைப் பார்த்துப் பார்வதிப் பாட்டி சிரித்துக் கொண்டே அன்றைய கதையைச் சொல்ல ஆரம்பித்தார். ","(4-Sep-12, 10:50 am)",dine,260 
காகக் குடும்பமும் கரும்பாம்புத் தொல்லையும்!,பாட்டி_சொன்ன_கதைகள்,,பார்த்தி,"ஓரிடத்தில் விசாலமான ஆலமரம் ஒன்று இருந்தது. அந்த ஆலமரத்தின் ஒரு காகமும் அதன் பெட்டையும் கூடு கட்டி வாழ்க்கை நடத்தி வந்தன.","(25-Jun-12, 3:29 pm)",dine,440 
வேடன்!,பாட்டி_சொன்ன_கதைகள்,,தினேஷ்,"ஒரு ஊரில் ஒரு பெரிய ஆற்றங்கரை இருந்தது. அந்த ஆற்றங்கரையின் ஓரத்தில் ஒரு பெரிய அரச மரமும் இருந்தது. அந்த அரச மரத்தின் கிளையில் ஒரு புறா எப்போதும் வந்து அமர்வது வழக்கம். அப்படி ஒரு நாள் அந்த மரக்கிளையில் புறா அமர்ந்து அற்றில் ஓடும் நீரைப் பார்த்துக் கொண்டிருந்தது.","(4-Sep-12, 12:12 pm)",dine,502 
வீண் கற்பனை,பாட்டி_சொன்ன_கதைகள்,என் வழிப் பயணத்தில்,படித்ததில் பிடித்தது ,"ஒரு ஊரில், ஒருவன் தேவை இல்லாமல் வீண் கற்பனை செய்துக்கொண்டு, ஏதாவது உளரிக்கொண்டும், தன் நிம்மதியை தானே கெடுத்துக்கொண்டும் இருந்தான். அவன் அப்படி இருப்பதால் அவனின் குடும்பத்தினருக்கும் கவலையாக இருந்தது. மருத்துவரிடம் அழைத்து சென்றார்கள்.","(30-Jan-15, 10:56 pm)",மணிவாசன் வாசன்,430 
அச்சம்!,பாட்டி_சொன்ன_கதைகள்,,தினேஷ்,"ஒரு மடத்தில் துறவி ஒருவர் இருந்தார். நிறைய சீடர்கள் அவரிடம் கல்வி கற்று வந்தனர்.","(4-Sep-12, 2:45 pm)",dine,392 
எல்லாம் நன்மைக்கே!,பாட்டி_சொன்ன_கதைகள்,,Muthu,"ஒரு நாட்டை அரசன் ஒருவன் ஆண்டு வந்தான். அந்நாட்டு அமைச்சர் எது நடந்தாலும் ""எல்லாம் நன்மைக்கே!"" என்று சொல்வதை வழக்கமாகக் கொண்டிருந்தான்.","(25-Jan-13, 11:54 am)", (தேர்வு செய்தவர்கள்),277 
சிவப்பு குல்லாவின் கதை!,பாட்டி_சொன்ன_கதைகள்,,பாரதி,"டீதி என்ற நாட்டை டார்வின் என்ற அரசன் ஆண்டு வந்தான். ஆணவத்தின் மொத்த உருவானவன். குடிமக்களுக்கு என்று எந்த நன்மையும் செய்யமாட்டான். டீதியை அடுத்த சின்னஞ்சிறு கிராமம் அது. தந்தையற்ற சிறுவன் ஜோன்ஸ். ஆறே வயது நிரம்பியவன். தன் தாய் பிலோமினாவுடன் அந்த கிராமத்தில் வசித்து வந்தான். ஞாயிற்று கிழமைகளில் தவறாமல் தன் அம்மாவுடன் டீதியில் உள்ள மாதா கோவிலுக்குச் செல்வான்.","(25-Jun-12, 5:45 pm)",dine,593 
வைரத்தை விட மதிப்பான பொருள்,பாட்டி_சொன்ன_கதைகள்,,Ranganathan,"ஊரின் கடைசியிலிருந்த ஆறு, அதன் அருகில் ஒரு ஆலமரம். ஆலமரத்தின் அடியில் ஒரு முனிவர் அமர்த்திருந்தார். முனிவரின் முன்னால் பணிவுடன் நின்றிருந்தான் அவன். தனது காவித் துணியால் சுற்றப்பட்ட மூட்டையிலிருந்து பெரிய கண்களை கூசும் ஒளி கொண்ட வைரத்தை எடுத்து இவன் கையில் திணித்தார். இரு கைகளிலும் நிறைந்திருந்த அந்த வைரத்தைப் பரவசத்துடன் பார்த்தான்.","(25-Jan-13, 3:07 pm)",dine,620 
கண்டிப்பு ,பாட்டி_சொன்ன_கதைகள்,பொது, படித்தது,"ஒரு சிறுவன் தன்னுடன் பள்ளியில் ஒன்றாகப் படிக்கும் நண்பர்களில் ஒருவனுடைய பாடப் புத்தகத்தைத் திருடிவிட்டான். அதை வீட்டிற்குக் கொண்டு ","(26-Oct-13, 10:18 pm)",வே புனிதா வேளாங்கண்ணி,628 
கிழவிக்கு_பயந்துகொண்டு  போகும்_பெருமாள்,பாட்டி_சொன்ன_கதைகள்,,யாரோ ,"#கிழவிக்கு_பயந்துகொண்டு ","(15-Jun-17, 8:38 pm)",ஜெகன் ரா தி,2187 
இனிப்பா உப்பா,பாட்டி_சொன்ன_கதைகள்,,படித்ததில் பிடிப்பு ,"இனிப்பா? உப்பா?","(5-Aug-16, 12:14 pm)",கவிப்புயல் இனியவன்,2324 
காணாமல் போனவன்,பாட்டி_சொன்ன_கதைகள்,,Rupa,"ரொம்ப வருஷத்துக்கு முன்னாடி,காட்டுல வயசான தாத்தாவும் பாட்டியும் இருந்தாங்க. தினமும் காட்டுல இருக்கிற மரங்களை வெட்டி, விறகாக்கி அதை பக்கத்து கிராமத்தில வித்து வந்தார் தாத்தா. ஒரு நாள் மதியம் ரொம்ப களச்சு போய் சாப்பிட உக்காந்தார். பாட்டி அவருக்கு","(26-Oct-12, 12:03 pm)",dine,180 
நலத்திட்டங்கள்,பாட்டி_சொன்ன_கதைகள்,என் வழிப் பயணத்தில்,படித்ததில் பிடித்தது ,"அக்பருக்கு ஒருநாள் சந்தேகம் வந்ததாம். நாம் எவ்வளவுதான் நலத்திட்டங்களை அறிவித்தாலும் அது ஏன் மக்கள் எப்போதும் ஏழைகளாகவே இருக்கின்றார்கள் என்று சந்தேகம். பீர்பாலை அழைத்தாராம். பீர்பால் நான் உங்களுக்கு எக்ஸ்பிளையின் செய்கின்றேன் பிரபுவே என்றாராம்.","(16-Feb-15, 10:47 pm)",மணிவாசன் வாசன்,360 
சிறு துளி பெரு வெள்ளம்,பாட்டி_சொன்ன_கதைகள்,சிறு சேமிப்பு,பவள சங்கரி,"ஹாய் குட்டீஸ் நலமா?","(19-Sep-14, 3:33 pm)",Adam Biju1,2259 
ஒற்றுமை,பாட்டி_சொன்ன_கதைகள்,,பரஞ்சோதி,"கோவில் கோபுரத்தில் சில நீல நிறப்புறாக்களும் சில வெள்ளை நிறப் புறாக்களும் அடைக்கலமாகி இருந்து வந்தன.","(31-May-12, 3:54 pm)",dine,568 
கிடைத்ததை விடலாமா?,பாட்டி_சொன்ன_கதைகள்,,கார்த்தி,"ஒரு நாள் சிறுத்தை பசியுடன் உணவைத் தேடியது. அப்போது ஒரு கறுப்பு மானையும் ஒரு புள்ளி மானையும் கண்டது.","(26-Oct-12, 5:55 pm)",dine,601 
ஏழை இளைஞன்,பாட்டி_சொன்ன_கதைகள்,,Rupa,"ஒர் ஊரில், ஏழை இளைஞன் ஒருவன் இருந்தான். விவசாயம் செய்து தன் பிழைப்பை ஓட்டிய அவனுக்குப் பணக்கரனாக வேண்டும் என்கிற ஆசை ஏற்பட்டது. கூடவே பெரிய அளவிலான நிலத்திற்கு சொந்தக்காரனாக வேண்டுமென்ற ஆசையும் அவனுக்கு ஏற்பட்டது.","(26-Oct-12, 5:01 pm)",dine,215 
முரட்டு சிங்கம்!,பாட்டி_சொன்ன_கதைகள்,,தினேஷ்,"ஒரு பெரிய மலைப் பிரதேசத்தில் செழித்தோங்கி வளர்ந்த அடர்ந்த காடு. அக்காட்டில் சிங்கம், புலி, கரடி போன்ற பெரிய மிருகங்களும், மான், குரங்கு போன்ற சிறிய மிருகங்களும் வாழ்ந்து வந்தன.  ","(4-Sep-12, 11:58 am)",dine,333 
"கழுதையும், கட்டெறும்பும்",பாட்டி_சொன்ன_கதைகள்,,படித்தேன் பகிர்ந்தேன் ,"கழுதையும், கட்டெறும்பும்!","(28-Oct-15, 10:19 pm)",கவிப்புயல் இனியவன்,795 
வல்லம்- ஏகௌரியம்மன் ,பாட்டி_சொன்ன_கதைகள்,வரலாற்றுக்கவிதை,தேன்மொழி ,"பறவைகள் பாட","(9-Apr-14, 9:23 pm)",தேன்மொழி,429 
தமிழன் போராட்டம்,பாட்டி_சொன்ன_கதைகள்,,sukumar,"காற்றும் எங்களின் தமிழ் ஈழ சூறாவளி போராட்டம் ","(22-Mar-13, 2:21 pm)",sukumaran,455 
மேதைகள்,பாட்டி_சொன்ன_கதைகள்,,பரஞ்சோதி,"முன்னொரு சமயம் விஷ்லர் என்ற ஓர் ஓவிய நிபுணர் இருந்தார். அவர் ஓவிய நிபுணர் மட்டுமல்ல. தலை சிறந்த மேதையும் கூட. அவர் வசித்து வந்த ஊரில் மற்றொரு ஓவியர் ஒருவர் இருந்தார். அவர் பெயர் ரோசெட்டி என்பதாகும்.","(31-May-12, 4:31 pm)",dine,303 
தாகம்!,பாட்டி_சொன்ன_கதைகள்,,Vickram,"அந்த அடர்ந்த காட்டில் தாகத்தினால் வாடிய நரி ஒன்று அங்குமிங்கும் நீர் தேடி அலைந்தது. ஓரிடத்தில் நீர் நிலை ஒன்று காணப்பட்டது. அதைக் கண்ட நரி பெரிதும் மகிழ்ச்சி அடைந்தது. அதில், இறங்கித் தண்ணீரைக் குடித்துவிட வேண்டும் என்று தீர்மானித்தது.","(25-Jan-13, 10:56 am)",,217 
அம்மா என்றால் அன்பு!,பாட்டி_சொன்ன_கதைகள்,,பவள சங்கரி,"பவள சங்கரி","(29-Sep-13, 4:30 pm)",பவள சங்கரி,1200 
புத்திசாலி ராணுவவீரர்!,பாட்டி_சொன்ன_கதைகள்,,கார்த்திக்,"அமெரிக்கா ஒரு காலத்தில் இங்கிலாந்திடம் அடிமைப்பட்டுக் கிடந்தது. அமெரிக்க மக்கள், இங்கிலாந்து மக்களிடமிருந்து சுதந்திரம் பெறுவதற்காகப் போராட்டம் நடத்தினர். அது கி.பி., பதினெட்டாம் நுற்றாண்டு. ","(25-Jun-12, 6:34 pm)",dine,729 
குயில் டாக்டர்!,பாட்டி_சொன்ன_கதைகள்,,பரஞ்சோதி,"கற்பூரவள்ளி என்ற காட்டில் ஆந்தை குடும்பம் ஒன்று வாழ்ந்து வந்தது. ஆந்தைக்கு இரண்டு ஆந்தை குஞ்சுகள் இருந்தன. தன் குஞ்சுகளை பேணி பராமரித்து வளர்த்தது தாய் ஆந்தை. குஞ்சுகள் வளர வளர அம்மாவிடம் பல கேள்விகள் கேட்க ஆரம்பித்தன.","(31-May-12, 4:33 pm)",dine,285 
சிலந்தியிடம் பாடம் கற்ற அரசன்!,பாட்டி_சொன்ன_கதைகள்,,தினேஷ்,"போரில் தோல்வி அடைந்த அரசன் தன் உயிரைக் காப்பாற்றிக்கொள்ள ஓடி ஒளிந்தான். அரசன் மிகவும் வீரத்துடன் போரிட்டாலும் அவனின் படை மிகவும் சிறியடாக இருந்ததினால் அவனால் வெல்ல முடியவில்லை. எதிரியிடம் மாபெரும் படை இருந்ததினால் வெற்றி பெற்றன்.  ","(4-Sep-12, 3:08 pm)",dine,558 
குயில் டாக்டர்!,பாட்டி_சொன்ன_கதைகள்,,தினேஷ்,"கற்பூரவள்ளி என்ற காட்டில் ஆந்தை குடும்பம் ஒன்று வாழ்ந்து வந்தது. ஆந்தைக்கு இரண்டு ஆந்தை குஞ்சுகள் இருந்தன. தன் குஞ்சுகளை பேணி பராமரித்து வளர்த்தது தாய் ஆந்தை. குஞ்சுகள் வளர வளர அம்மாவிடம் பல கேள்விகள் கேட்க ஆரம்பித்தன.","(4-Sep-12, 2:32 pm)",dine,320 
விசம் எப்படி வேலை செய்தது?,பாட்டி_சொன்ன_கதைகள்,,ராதிகா,"கிராமத்தில் அனைத்து மக்களும் வருகின்ற திருவிழாவிற்காக வீட்டைச் சுத்தம் செய்து வெள்ளையடித்துக் கொண்டிருந்தார்கள். வேண்டாதவற்றை அப்புறப்படுத்திக் கொண்டிருந்தார்கள்.","(26-Oct-12, 4:00 pm)",dine,236 
கண்ணீர் எப்படி வந்தது ,பாட்டி_சொன்ன_கதைகள்,கஸல் கவிதை,கே இனியவன் ,"உன்னை கண்டிருந்தால் ","(24-Oct-13, 3:29 pm)",கவிப்புயல் இனியவன்,700 
ஆக்கப்பூர்வ சிந்தனை இருந்தால் மட்டுமே ,பாட்டி_சொன்ன_கதைகள்,சிந்தனை சிறக்க,படித்ததில் சுவைத்தது ,"ஆக்கப்பூர்வ சிந்தனை இருந்தால் மட்டுமே ..","(21-Aug-15, 11:13 am)",நகைச்சுவைமன்னன்,537 
ஆமையும் ஓநாயும்,பாட்டி_சொன்ன_கதைகள்,,கவிஞர் இனியவன்,"ஒரு குளத்தடியில் ஒநாய் ஒன்று கடும் பசியோடு","(23-Jan-13, 10:24 pm)",கவிப்புயல் இனியவன்,240 
விடியல் தொடங்கும் நேரம்,பாட்டி_சொன்ன_கதைகள்,என் வழிப் பயணத்தில்,படித்ததில் பிடித்தது ,"துறவி ஒருவர் தன் மாணவர்களை அழைத்து அவர்களிடம் பின்வரும்","(28-Jan-15, 9:13 pm)",மணிவாசன் வாசன்,387 
மலை தடுக்கி விழாதவர்...!,பாட்டி_சொன்ன_கதைகள்,,கார்த்தி,"அது ஒரு பெரிய கல்யாண மண்டபம். ஒரு பெரிய புள்ளியின் மகனின் கல்யாணம். அங்கு சொல் வித்தகர், சொல் விளக்கச் செம்மல் என்று பல சிறப்பு பெயர்களைக் கொண்ட கவிஞர் தமிழ் விழைவோன் வந்திருந்தார். அவருடன் உரையாட விரும்பாதர்களே இருக்க முடியாது. எதற்கும் அளவாய் அழகாய், பொருத்தமாய், திருத்தமாய், ஆணித்தரமாய் விளக்கம் தருவதைப் பாரட்டாமல் இருக்க முடியாது.. அந்தத் துறையில் அவர் ஓர் அசத்தல் மன்னன்.","(26-Oct-12, 5:53 pm)",dine,575 
கொக்குவுக்கு எத்தனை கால்,பாட்டி_சொன்ன_கதைகள்,,பார்த்தி,"பண்ணையார் பரந்தாமன் அன்று வேட்டைக்குச் சென்று திரும்பினார். அவர் கையில் கொக்கு ஒன்று இருந்தது. தன் கையிலிருந்த கொக்கைச் சமையல்காரனிடம் தந்தார்.","(25-Jun-12, 6:28 pm)",dine,810 
ஏன் மணக்கவில்லை?,பாட்டி_சொன்ன_கதைகள்,,பரஞ்சோதி,"சிம்மபுரத்து மன்னன் பிறைசூடன் பராக்கிரமசாலி; நியாயம் தவறாதவன். அவன் மனைவி எழில்கொடி. அவர்களுக்குப் பிறந்தது ஒரே பெண் குழந்தை. அவளுக்கு பவழா என்று பெயரிட்டு செல்லமாகவும் ஆண்பிள்ளையைப் போலவும் வளர்த்து வந்தனர்.","(31-May-12, 4:52 pm)",dine,447 
யார் முட்டாள்?,பாட்டி_சொன்ன_கதைகள்,,தினமலர்,"ஓர் ஊரில் முட்டாள் ஒருவன் இருந்தான். அந்த ஊர் மக்கள் எல்லாருக்கும் விளையாட்டுப் பொருளே அவன்தான். அவனிடம் இரண்டு துணிகளைக் கொடுத்துப் போட்டுவரச் சொன்னால், காலில் அணிய வேண்டிய துணியைச் சட்டை போல் மேலே அணிந்து இருப்பான். மேலே அணிய வேண்டிய துணியை எப்படியாவது காலுக்குள் நுழைத்து அணிந்து வருவான். அந்தக் கோலத்தில் அவனைப் பார்ப்பவர்கள் யாராக இருந்தாலும் சிரித்து விடுவர்.","(19-Jul-12, 4:50 pm)",dine,1657 
செங்கல் வீடு!,பாட்டி_சொன்ன_கதைகள்,,,"முன்னொரு காலத்தில் ஒரு காட்டில் பன்றி ஒன்று வாழ்ந்து வந்தது. அது மூன்று குட்டிகளை ஈன்றது. அவை மூன்றும் அழகாக இருந்தன.","(25-Jan-13, 12:01 pm)",,257 
அட்ராசக்க அட்ராசக்க,பாட்டி_சொன்ன_கதைகள்,,prabakaran,"ஒரு ஊரில் ஒரு ராஜா இருந்தான் அவன் சூதாட்டம் அதிகம் ஆடுபவன் ஒரு நாள் அவன் நாட்டையே சூதாட்டத்தில் வைத்து தோல்வி அடைந்தான் நாட்டை இழந்து வேறுநாட்டில்  ஆடு மேய்த்தான் அப்படி மேய்த்து விட்டு ஒரு மரத்தடியில் படுத்தான் அங்கே ஒரு பச்சோந்தி மரத்தில் இருந்து பார்த்தது அவனிடம் சென்று உன்னை எனக்கு தெரியும் என்றது இவன் பச்சோந்தி பேசுவதை கண்டு ஆச்சர்யப்பட்டான் உடனே பயப்படாதே நன் உனக்கு ஒரு வரம் தருகிறேன் என்றது ஒரு முக்காலி தந்தது இதன் மேல் அமர்ந்தாள் நீ நினைக்கும் எந்த உணவும் உனக்கு கிடைக்கும் என்றவுடன் இவன் அதற்கு நன்றி சொல்லிவிட்டு அதை எடுத்து சென்றான் செல்லும் வழியில் ஒரு இடத்தில் தூங்கிவிட்டு விடிந்து செல்லலாம் என்று முடிவெடுத்தான் அப்பொழுது ஒரு வீட்டிற்கு சென்று இங்கு உறங்கி கலை எழுந்து செல்கிறேன் என்றான் உங்களுக்கு உணவும் நானே தருகிறேன் என்று அந்த முக்காலியில் உட்கார்ந்து உணவை நினைத்தான் உணவு வந்தவுடன் சாப்பிட்டு உறங்கினான் உடனே அந்த வீட்டில் இருந்தவர்களே அதை எடுத்து கொண்டு அவனை துரத்தி விட்டனர் அவன் மறுபடியும் அந்த நடந்ததை அந்த பசொந்தியிடம் கூறினான் உடனே பச்சோந்தி இன்னொரு கடைசி வரம் தரேன் இது ஒரு மந்திரம் நீ யார பாத்து ""அட்ராசக்க அட்ராசக்க ""என்று சொன்ன சவுக்கு நீ நினக்கரவங்கள அடிச்சிட்டு வரும் சொன்னவுடன் வேகமா அந்த வீட்டுக்கு போனான் எங்க என் முக்காலி  என்று கேட்டான்  அடிவாங்கனது போதலியா என்று கேட்டனர் உடனே அவன் ""அட்ராசக்க அட்ராசக்க"" என்று  சொல்லி கண்ணிமைக்கும் நேரத்தில் சவுக்கு சென்று அவர்களை துவம்சம் செய்தது பிறகு அவனை சூதாட்டத்தில் ஏமாற்றி நாட்டை பெற்றவனுக்கும் ""அட்ராசக்க அட்ராசக்க "" பின் நாட்டை பிடித்து மீண்டும் ராஜா ஆனான் நல்ல முறையில் ஆட்சி செய்தான்","(11-Jun-12, 7:06 pm)",prabakarand4,540 
விவேகமான வெள்ளாடு,பாட்டி_சொன்ன_கதைகள்,,Rupa,"உழவர் ஒருவர் வீட்டில் வெள்ளாடும், செம்மறி ஆடும் இருந்தன. அவை இரண்டும் நெருங்கிய நண்பர்களாக இருந்தன. எங்கே சென்றாலும் ஒன்றாகவே சென்றன.","(26-Oct-12, 5:40 pm)",dine,505 
"”அன்பு,செல்வம்,வெற்றி”",பாட்டி_சொன்ன_கதைகள்,என் வழிப் பயணத்தில்,படித்ததில் பிடித்தது ,"”அன்பு,செல்வம்,வெற்றி”","(28-Jan-15, 9:10 pm)",மணிவாசன் வாசன்,346 
"நோக்கத்தில் தெளிவு, மனதில் அமைதி",பாட்டி_சொன்ன_கதைகள்,என் வழிப் பயணத்தில்,படித்ததில் பிடித்தது ,"நோக்கத்தில் தெளிவு, மனதில் அமைதி..","(3-Feb-15, 4:39 pm)",மணிவாசன் வாசன்,389 
விதி !,பாட்டி_சொன்ன_கதைகள்,,Sathish,"முன்னொரு காலத்தில் அரசன் ஒருவன் வேட்டையாடுவதற்காகக் காட்டிற்குச் சென்றான். அப்போது பறவை ஒன்று இறக்கைகளைப் படபடவென்று அடித்தபடி கூவியது. பறவைகளின் மொழி அறிந்த வீரனை அழைத்தான் அவன்.","(25-Jan-13, 5:13 pm)",dine,1273 
ஆந்தை குடும்பம்!,பாட்டி_சொன்ன_கதைகள்,,பாபு நடேசன்,"கற்பூரவள்ளி என்ற காட்டில் ஆந்தை குடும்பம் ஒன்று வாழ்ந்து வந்தது. ஆந்தைக்கு இரண்டு ஆந்தை குஞ்சுகள் இருந்தன. தன் குஞ்சுகளை பேணி பராமரித்து வளர்த்தது தாய் ஆந்தை. குஞ்சுகள் வளர வளர அம்மாவிடம் பல கேள்விகள் கேட்க ஆரம்பித்தன.","(4-Sep-12, 10:54 am)",dine,327 
கர்வம்,பாட்டி_சொன்ன_கதைகள்,,படித்ததில் பிடிப்பு ,"கர்வம்","(5-Aug-16, 12:18 pm)",கவிப்புயல் இனியவன்,2304 
"தம்பி,தங்கைகளுக்கு ஒரு கதை ..!",பாட்டி_சொன்ன_கதைகள்,,கவிஞர் K இனியவன்,"அரசன் ஒருவன் மாறுவேடத்தில் வயல் வழியே சென்று கொண்டிருந்தார் ..அங்கு வயல்கள் உழவு வேலைகளில் ஈடுபட்டுகொண்டிருந்தன ...!","(19-Mar-13, 3:48 pm)",கவிப்புயல் இனியவன்,917 
உடைந்த பானை!,பாட்டி_சொன்ன_கதைகள்,,தினேஷ்,"ஒரு கிராமத்தில் ஏழை விவசாயி ஒருவன் வாழ்ந்து வந்தான். அவன் தன் வீட்டுத் தேவைக்காகத் தினமும் ஆற்றிலிருந்து தண்ணீர் எடுத்து வருவதை வழக்கமாகக் கொண்டிருந்தான்.","(4-Sep-12, 12:03 pm)",dine,546 
பூனை இல்லாமல் பாடமா?,பாட்டி_சொன்ன_கதைகள்,,முத்து,"உடனே அந்த பூனையை பிடித்து பக்கத்தில் உள்ள மரத்தில் கட்டிவைக்குமாறு குரு உத்தரவிட்டார்.","(26-Oct-12, 3:30 pm)",dine,237 
ஒற்றுமையே பலம்,பாட்டி_சொன்ன_கதைகள்,,பாபு நடேசன்,"ஒரு பெரியவருக்கு நான்கு மகன்கள், நால்வரும் எப்போதும் சண்டை போட்டு கொண்டே இருப்பார்கள். அதனை கண்டு அவர் மிகவும் வருத்தம் அடைந்தார். ஒற்றுமையாக இருங்கள் என்று கூறியும் அவர்கள் முடியாது என கூறிவிட்டார்கள்.  ஒரு நாள் அவருக்கு உடல் நலம் சரி இல்லாமல் போகவே, அவர்களுக்கு பாடம் புகட்ட புத்தி சொல்ல ஒரு போட்டியை வைத்தார்.","(4-Sep-12, 11:08 am)",dine,640 
யார் சிறந்தவர்,பாட்டி_சொன்ன_கதைகள்,,பரஞ்சோதி,"பட்டிணபுரி மன்னன் மருதன் தனக்கு ஒரு புதிய அந்தரங்க ஆலோசகரை நியமித்துக் கொள்ள விரும்பினான்.","(31-May-12, 4:26 pm)",dine,475 
இரண்டு பாறைகள்,பாட்டி_சொன்ன_கதைகள்,கதை,ஷாமினி குமார்,"ஒரு காட்டில் இரண்டு பெரிய பாறைகள் அருகருகே கிடந்தன.","(3-Apr-15, 10:20 pm)",ஷாமினி அகஸ்டின்,785 
உங்களை புரிந்து கொண்டால்,பாட்டி_சொன்ன_கதைகள்,என் வழிப் பயணத்தில்,படித்ததில் பிடித்தது ,"உங்களை புரிந்து கொண்டால்...","(3-Feb-15, 1:11 pm)",மணிவாசன் வாசன்,386 
வாடியது என் காதல் பூ ,பாட்டி_சொன்ன_கதைகள்,காதல் அணுக்கவிதை,கே இனியவன் ,"சொல்ல வந்த வார்த்தையை ","(6-Aug-14, 6:56 pm)",கவிப்புயல் இனியவன்,661 
ஆசைப்பட்டதெல்லாம் கிடைத்தால்?,பாட்டி_சொன்ன_கதைகள்,,வேல் முருகன்,"ஒருவன் பாறைகளிலிருந்து கல்லுடைக்கும் வேலையைச் செய்து வந்தான். கடுமையான வேலை, குறைவான கூலி. அதனால் அவன் வேலையின் மீது அதிருப்தி கொண்டான். அவன் ஒரு நாள் தெய்வமே நான் உன்னை தினமும் வணங்குகிறேன், நீ என்னை பணக்காரனாக்கக் கூடாதா? என்னை பட்டு மெத்தையில் படுக்க வைக்கக் கூடாதா? என்று பிரார்த்தித்தான்.","(26-Oct-12, 3:50 pm)",dine,260 
அழகுராணி,பாட்டி_சொன்ன_கதைகள்,,Rupa,"ஓரிடத்தில் இருந்த எலி, முயல், குரங்கு, வெட்டுக்கிளி ஆகியவை ஒன்றுடன் ஒன்று நன்றாகப் பழகி வந்தன.","(26-Oct-12, 11:26 am)",dine,203 
பட்டுப் புழு!,பாட்டி_சொன்ன_கதைகள்,,Geetha,"ஒரு சிறிய தோட்டத்தில் ஒரு எறும்புப் புற்று இருந்தது. அந்த எறும்புப் புற்றிலிருந்த எறும்புகள் பக்கத்திலிருந்த ஒரு பெரிய மரத்தின் மீது ஏறிக் கொண்டு இருந்தன. அந்த மரத்திற்குப் பக்கத்தில் சிறிய முசுக்கொட்டை செடியொன்று இருந்தது.  ","(25-Jan-13, 2:28 pm)",dine,281 
ஆமையும் ஓநாயும்,பாட்டி_சொன்ன_கதைகள்,,கவிஞர் இனியவன்,"ஒரு குளத்தடியில் ஒநாய் ஒன்று கடும் பசியோடு ","(23-Jan-13, 9:58 pm)",கவிப்புயல் இனியவன்,198 
அறிவுரைகளை ஆராய்ந்து செயல்படுத்து!,பாட்டி_சொன்ன_கதைகள்,,,"ஊருக்கு ஒதுக்குப் புறமாக ஒரு கொடிய விஷமுள்ள பாம்பு வாழ்ந்து வந்தது. ஊர் மக்கள் யாராவது அதன் புற்றின் பக்கம் போனால் சீறி வந்து கொத்தி விடும். பாம்புப் புற்று இருந்த பாதை அந்த ஊருக்கும் பக்கத்து சந்தைக்கும் குறுக்கு வழி. பாம்புக்கு பயந்தே ஊர் மக்கள் பல தொலைவு சுற்றி அந்த சந்தைக்குப் போய் வந்து கொண்டிருந்தார்கள். வேறு வழியில்லாததால் சலிப்புடனேயே வாழ்க்கையை நடத்திக் கொண்டிருந்தனர்.","(2-Dec-12, 11:06 am)",dkmalathi,601 
சீலனின் தந்திரம்!,பாட்டி_சொன்ன_கதைகள்,,தினேஷ்,"வைரபுரி என்ற நாட்டில் பல கோடிகளுக்கு அதிபனான சீலன் என்பவன் வாழ்ந்து வந்தான். அவன் தயாளகுணம் கொண்டவன். அந்நாட்டு மன்னன் பர்வதனனின் ஆருயிர் நண்பன். பொக்கிஷத்தில் பணக்குறைவு ஏற்பட்ட போதெல்லாம் மன்னனுக்குத் தேவைப்பட்ட பணத்தைக் கொடுத்து பிறகு வாங்கிக் கொள்வான் சீலன். அப்படி கிடைத்த வட்டிப் பணத்தை ஏழை எளியவர்களுக்கு கொடுத்து உதவி வந்தான் சீலன்.","(4-Sep-12, 11:53 am)",dine,300 
ஆறாவது முட்டாள்,பாட்டி_சொன்ன_கதைகள்,,பரஞ்சோதி,"கிருஷ்ணதேவராயருக்கு அன்று விபரீதமான ஓர் ஆசை ஏற்பட்டது. அவர் அப்பாஜியிடம், """"அமைச்சரே, இன்று மாலை ஆறு மணிக்குள் நம் தலைநகரான விஜயநகரை நீர் நன்றாகச் சுற்றிப் பார்த்து, ஆறு முட்டாள்களின் விலாசத்தைக் குறித்துக் கொண்டு வாருங்கள்,'' என்று ஆணையிட்டார்.","(31-May-12, 4:59 pm)",dine,813 
குள்ள நரியும் சின்ன முயலும்!,பாட்டி_சொன்ன_கதைகள்,,Naveen,"முன்னொரு காலத்தில் சாம்பல் நிற முயலும்,​​ தந்திரமான குள்ள நரியும் இருந்தன.","(25-Jan-13, 4:26 pm)",dine,1001 
சச்சின்,பாட்டி_சொன்ன_கதைகள்,,"ந. ஜெயபிரகாஷ், ஆசிரியர், நெ�","இந்தியாவின் அடையாளம் நீ!","(24-Feb-13, 12:21 am)",neyyadupakkam jayaprakash,525 
பத்திரமா பார்த்துக்கோ,பாட்டி_சொன்ன_கதைகள்,என் வழிப் பயணத்தில்,படித்ததில் பிடித்தது ,"ஒரு பையன் ஒரு கண்ணு தெரியாத பெண்ணை லவ் பண்ணினான்.","(28-Jan-15, 9:05 pm)",மணிவாசன் வாசன்,313 
பேயால் வந்த வாழ்வு,பாட்டி_சொன்ன_கதைகள்,,பரஞ்சோதி,"முன்னொரு காலத்தில் மதின் என்ற இளைஞன் பொன்னேரி என்ற சிறிய கிராமத்தில் வாழ்ந்து வந்தான். இவனது பெற்றோர் இறந்துவிட்டனர். இனி அந்த ஊரில் இருக்கப் பிடிக்காமல் பக்கத்திலுள்ள ஊருக்கு வேலை தேடிச் சென்றான். உச்சி வெயில் அதிகமானது.","(31-May-12, 5:01 pm)",dine,588 
"பருந்தும், புறாவும்",பாட்டி_சொன்ன_கதைகள்,,பாரதி,"அந்தக் காட்டில் புறாக்கூட்டம் ஒன்று வசித்து வந்தது. ஒருநாள் எதேச்சையாக அந்தப் பக்கம் வந்த பருந்தின் கண்களில் புறாக்கூட்டம் தென்பட்டது. புறாக்களைப் பார்த்த பருந்துவுக்கு எச்சில் ஊறியது. ஏதாவது ஒரு புறா தனியாக வரும்; அதை எப்படியாவது தின்று விடலாம் என்று நீண்ட நேரமாக மறைந்து நின்றது. ஆனால், ஒரு புறா கூட கூட்டத்தை விட்டு தனியாகப் பிரிய வில்லை. இரை தேடும்போது கூட ஒன்றாகவே இருந்தன. எனவே, தந்திரத்தால் மட்டுமே இவை களை வெல்ல முடியும் என நினைத்து, அதைச் செயல்படுத்த ஆரம்பித்தது.","(25-Jun-12, 3:47 pm)",dine,360 
பறவைக்கு வந்த பகுத்தறிவு,பாட்டி_சொன்ன_கதைகள்,என் வழிப் பயணத்தில்,படித்ததில் பிடித்தது ,"பறவைக்கு வந்த பகுத்தறிவு..","(3-Feb-15, 1:11 pm)",மணிவாசன் வாசன்,573 
எல்லாம் நன்மைக்கே,பாட்டி_சொன்ன_கதைகள்,,ஸ்ரீனிவாசன்,"ஒரு ஊர்ல ஒரு ராஜா இருந்தான்; மிகுந்த முன்கொபக்காரன். அவனுடைய மந்திரி மகா புத்திமான்; மிகுந்த சமயோசிதம் உடையவர். அதனாலேயே எப்போதும் அவரைத் தன் பக்கத்திலேயே வைத்துக் கொள்வான் ராஜா. அந்த மந்திரிக்கு ஒரு நல்ல பழக்கம் உண்டு. அவரைப் பொறுத்தவரை நம் வாழ்வில் நடக்கும் எல்லாமே நம் நன்மைக்காகவே என்று எடுத்துக் கொள்வார். ஆனால் ராஜா அதைப் பெரிதாக எடுத்துக் கொள்ள மாட்டான். அவனைப் பொறுத்தவரை நன்மையையும் தீமையும் நடக்கும் நிகழ்வைப் பொருத்தது. எல்லாமே நன்மையில் எப்போதுமே முடியாது என்பது அவன் கருத்து. ","(6-Jul-13, 6:23 am)",KayVee,1099 
கிணறு விற்ற கதை,பாட்டி_சொன்ன_கதைகள்,,Rupa,"ஒருவன் தனது கிணற்றை ஒரு விவசாயிக்கு விற்றான்.","(26-Oct-12, 11:39 am)",dine,261 
மந்திர புல்லாங்குழல்,பாட்டி_சொன்ன_கதைகள்,,Rupa,"ஆனைக்குடி என்ற ஊரில் அழகேசன் என்ற ஏழை இளைஞன் இருந்தார், அவர் பக்கத்து ஊரில் ஜம்பு என்ற ஜமிந்தாரிடம் வேலை பார்த்து வந்தார், கடுமையாக உழைத்தாலும் ஜமிந்தார் ஒன்றுமே கொடுக்க மாட்டார், சாப்பாடு மட்டுமே போடுவார். இருந்தாலும் தனக்கு வேலை கொடுத்த ஜமிந்தாருக்கு மிகவும் உண்மையாக உழைத்தார், ஜமிந்தார் கொடுப்பதில் தன் தாயாருக்கு பொருட்கள் வாங்கி கொடுத்து அனுப்புவார்.","(26-Oct-12, 5:44 pm)",dine,505 
விதைப்பு,பாட்டி_சொன்ன_கதைகள்,,படித்ததில் பிடிப்பு ,"விதைப்பு","(5-Aug-16, 12:15 pm)",கவிப்புயல் இனியவன்,1459 
பெற்றோர் சொல் கேட்டு நடக்கணும்!,பாட்டி_சொன்ன_கதைகள்,,ராதிகா ,"சிறுகம்பையூர் என்ற ஊரில் ஏழை மனிதர் ஒருவர் வாழ்ந்து வந்தார். அவருக்கு மூன்று பிள்ளைகள் இருந்தனர். இந்த ஏழை மனிதரிடம் செல்வம் இல்லையென்றாலும் தன் குழந்தைகளை அன்பு காட்டி அரவணைத்து நல்ல வழியில் வளர்த்து ஆளாக்கினார். தான் இறக்கும் தருவாயில் தன் பிள்ளைகளை அழைத்தார்.","(26-Oct-12, 12:48 pm)",dine,257 
சத்துள்ள உணவு,பாட்டி_சொன்ன_கதைகள்,,விக்ரம்,"ஒரு ஊர்ல அண்ணன் தம்பி ரெண்டு பேர்.","(26-Oct-12, 12:38 pm)",dine,341 
காது கேட்காத தவளை,பாட்டி_சொன்ன_கதைகள்,,ஹரி,"மூன்று தவளைகள் ஒரு மலையின் உச்சிக்கு ஏறுவதற்கு தயாராகின.","(26-Oct-12, 3:22 pm)",dine,233 
"தன்னம்பிக்கையையும், விடா முயற்சியையும்",பாட்டி_சொன்ன_கதைகள்,என் வழிப் பயணத்தில்,படித்ததில் பிடித்தது ,"தன்னம்பிக்கையையும், விடா முயற்சியையும்..","(4-Feb-15, 12:09 pm)",மணிவாசன் வாசன்,973 
தலையாட்டினால் போதும்!,பாட்டி_சொன்ன_கதைகள்,,வீரமணி,"ஒரு மௌலவியிடம் ஒரு நெசவாளி சில சாமான்களை ஒப்படைத்திருந்தான்.","(26-Oct-12, 4:43 pm)",dine,222 
இது என் பணியாற்றலின் ரகசியம்,பாட்டி_சொன்ன_கதைகள்,,முக நூல் ,"*","(15-Oct-15, 7:41 pm)",கவிப்புயல் இனியவன்,298 
தொலைந்த மூக்கு,பாட்டி_சொன்ன_கதைகள்,,விழியன் மாமா,"அண்ணன் தங்கை இருவருக்கும் எப்போதும் சண்டை தான். அண்ணன் பரத் மகா குறும்பன். இரண்டாம் வகுப்பில் படிக்கின்றான். தங்கை நந்தினி இன்னும் பள்ளிக்கு செல்லவில்லை.சின்னப் பெண். தாய் தந்தை இருவரும் பணி புரிகின்றார்கள். அப்பத்தாவும் தாத்தாவும் இவர்களுடன் இருக்கிறார்கள். பரத் , நந்தினி குடும்பம் இருப்பது ஒரு அடுக்குமாடி குடியிருப்பில். அந்த குடியிருப்பில் மொத்தம் 5 மாடி. மூன்றாவது மாடியில் இவர்கள் குடியிருக்கின்றார்கள்.","(31-May-12, 11:40 am)",dine,600 
ராஜா நல்ல ராஜா!,பாட்டி_சொன்ன_கதைகள்,,பரஞ்சோதி,"நாட்டரசன்புரம் என்ற நாட்டை மார்த்தாண்டன் என்ற மன்னன் ஆண்டார். அவர் தனது நாட்டில் பல சிரமங்களுக்கிடையில் மிகப் பெரிய பூந்தோட்டம் ஒன்றை அமைத்தார். அதில் எல்லாவகையான பூச்செடிகளையும் வளர்த்தார்.","(31-May-12, 4:31 pm)",dine,402 
வறுமையில் செய்த தவறு!,பாட்டி_சொன்ன_கதைகள்,,Rupa,"நௌஷேர்வான் சக்கரவர்த்தி வசந்த விருந்து கொடுத்தார். அப்போது விருந்தினருள் இருந்த அவருடைய ஏழை உறவினன் ஒருவன் ஒரு தங்கக் கோப்பையை எடுத்துத் தன் சட்டைக்குள் மறைத்து வைத்துக் கொண்டான்.","(26-Oct-12, 4:02 pm)",dine,249 
பந்தா பரந்தாமன்!!,பாட்டி_சொன்ன_கதைகள்,,கார்த்திக்,"வில்லாளப்பட்டி என்ற ஊரில் பந்தா பரந்தாமன் என்ற புகழ் மிக்கப் பண்டிதர் ஒருவர் இருந்தார். அவர் கல்வி கேள்விகளில் வல்லவர். அவரை யாரும் விவாதத்தில் தோற்கடிக்க முடியாது. எந்தவிதமான விஷயங்களானாலும் அவருக்கு அத்துப்படி, எனவே, இயல்பாகவே அவருக்குச் சற்று மண்டைக் கர்வம் ஏறி இருந்தது. நாட்டில் கல்வி அறிவு நிரம்பப் பெற்றவன். பெரிய அறிவாளி வாதங்களில் சிறந்தவன் என்று யாரும் அவர் இருக்கும் போது தலை காட்டிவிட முடியாது. அவர்களை உண்டு இல்லை என்று ஆக்கி விடுவார்.","(25-Jun-12, 6:11 pm)",dine,527 
அறிவுக்கண் திறந்தது..,பாட்டி_சொன்ன_கதைகள்,,கே இனியவன் ,"ஒரு நாட்டில் துறவி ஒருவர் வாழ்ந்து வந்தார். அவரை மக்கள் கூட்டம் கூட்டமாக வந்து வணங்கிச் சென்று கொண்டிருந்தனர். துறவிக்குக் கிடைத்துக் கொண்டிருந்த மரியாதையைக் கண்டு அந்நாட்டு படைத் தளபதிக்குப் பொறுக்கவில்லை.","(7-Sep-13, 4:07 pm)",கவிப்புயல் இனியவன்,619 
விடுகதை விளையாட்டு 03,பாட்டி_சொன்ன_கதைகள்,,கே இனியவன் ,"விடுகதை :-  ","(28-Oct-13, 4:57 pm)",கவிப்புயல் இனியவன்,690 
எதுவும் நமக்கு சொந்தம் இல்லை,பாட்டி_சொன்ன_கதைகள்,சிந்தனை சிறக்க,படித்ததில் சுவைத்தது ,"எதுவும் நமக்கு சொந்தம் இல்லை..","(21-Aug-15, 11:16 am)",நகைச்சுவைமன்னன்,762 
புத்திசாலி கழுதை,பாட்டி_சொன்ன_கதைகள்,,Rupa,"ஒரு நாள் ஒரு காட்டுப் பகுதியில் கழுதை ஒன்று புல்மேய்ந்து கொண்டிருந்தது.","(26-Oct-12, 5:31 pm)",dine,465 
சீலனின் தந்திரம்,பாட்டி_சொன்ன_கதைகள்,,பரஞ்சோதி,"வைரபுரி என்ற நாட்டில் பல கோடிகளுக்கு அதிபனான சீலன் என்பவன் வாழ்ந்து வந்தான். அவன் தயாளகுணம் கொண்டவன். அந்நாட்டு மன்னன் பர்வதனனின் ஆருயிர் நண்பன். பொக்கிஷத்தில் பணக்குறைவு ஏற்பட்ட போதெல்லாம் மன்னனுக்குத் தேவைப்பட்ட பணத்தைக் கொடுத்து பிறகு வாங்கிக் கொள்வான் சீலன். அப்படி கிடைத்த வட்டிப் பணத்தை ஏழை எளியவர்களுக்கு கொடுத்து உதவி வந்தான் சீலன்.","(31-May-12, 4:04 pm)",dine,342 
விதிக்கு விளக்கம் தெரியுமா?,பாட்டி_சொன்ன_கதைகள்,,நவீன்,"ஒரு செல்வந்தரின் வீட்டில் அமர்ந்து முல்லா அவருடன் உரையாடிக் கொண்டிருந்தார். செல்வந்தருக்குத் திடீரென ஒரு சந்தேகம் வந்து விட்டது.","(26-Oct-12, 5:52 pm)",dine,559 
தங்கத் தூண்டில்,பாட்டி_சொன்ன_கதைகள்,,Saravanan,"வசந்த், சுந்தர் இருவரும் அண்ணன் தம்பிகள். மீன் பிடித்து வாழ்க்கை நடத்தி வந்தனர். ஒருநாள் நண்பகல் நேரம், அவர்கள் இருவரும் வீட்டில் சாப்பிட்டுக் கொண்டிருந்தனர். அப்போது பிச்சைக்காரன் ஒருவன் அங்கே வந்தான். எலும்பும் தோலுமாக இருந்த அவனைப் பார்க்கவே பரிதாபமாக இருந்தது.","(25-Jan-13, 4:47 pm)",dine,904 
கதை பிறந்த கதை,பாட்டி_சொன்ன_கதைகள்,,ஆ.சுதந்திரம் ,"கதை கதையாம் காரணமாம் ","(1-Jun-13, 2:29 pm)",சுதந்திரம்,592 
லட்சுமி கடாட்சம்!,பாட்டி_சொன்ன_கதைகள்,,தினேஷ்,"முன்னொரு காலத்தில் மாமுனிவர் ஒருவர் காட்டில் தவம்செய்து வந்தார். சிறு வயதிலிருந்தே தவக்கோலம் பூண்டு இறைவனை தொழுது வந்ததால், அந்த காட்டில் வசித்த கொடிய மிருகங்கள் கூட அவரிடம் குழந்தைகளை போல நடந்து கொண்டன.","(4-Sep-12, 5:14 pm)",dine,605 
செத்த எலியால் பணக்காரன் ஆக முடியுமா?,பாட்டி_சொன்ன_கதைகள்,,முத்து,"ஒரு ஊரில் ஒரு இளைஞன் இருந்தான். அவன் ஒரு பரம ஏழை.அந்த ஊரிலேயே ஒரு பெரும் பணக்காரனும் இருந்தான்.","(26-Oct-12, 3:23 pm)",dine,264 
சுண்ணாம்பு எங்கே,பாட்டி_சொன்ன_கதைகள்,,பீர்பால் கதைகள்,"சுண்ணாம்பு எங்கே?","(30-Nov-15, 3:06 pm)",கவிப்புயல் இனியவன்,529 
பீர்பால் புகையிலை,பாட்டி_சொன்ன_கதைகள்,,முக நூல் ,"பீர்பால் புகையிலை ","(15-Oct-15, 7:31 pm)",கவிப்புயல் இனியவன்,192 
அழகு ராணி,பாட்டி_சொன்ன_கதைகள்,,பரஞ்சோதி,"ஓரிடத்தில் இருந்த எலி, முயல், குரங்கு, வெட்டுக்கிளி ஆகியவை ஒன்றுடன் ஒன்று நன்றாகப் பழகி வந்தன.","(31-May-12, 3:52 pm)",dine,540 
எறும்புகள் கற்றுத் தருகின்றன,பாட்டி_சொன்ன_கதைகள்,சிந்தனை சிறக்க,படித்ததில் சுவைத்தது ,"எறும்புகள் கற்றுத் தருகின்றன..","(21-Aug-15, 11:13 am)",நகைச்சுவைமன்னன்,650 
எதையும் பற்றிக் கொள்ளாதீர்கள்,பாட்டி_சொன்ன_கதைகள்,சிந்தனை சிறக்க,படித்ததில் சுவைத்தது ,"எதையும் பற்றிக் கொள்ளாதீர்கள்.","(20-Aug-15, 3:53 pm)",நகைச்சுவைமன்னன்,269 
வாழ்க்கைப் பயணம் - உழைப்பு,பாட்டி_சொன்ன_கதைகள்,சிந்தனை சிறக்க,படித்ததில் சுவைத்தது ,"வாழ்க்கைப் பயணம் - உழைப்பு...","(21-Aug-15, 11:14 am)",நகைச்சுவைமன்னன்,575 
மேதைகள்,பாட்டி_சொன்ன_கதைகள்,,Rupa,"முன்னொரு சமயம் விஷ்லர் என்ற ஓர் ஓவிய நிபுணர் இருந்தார். அவர் ஓவிய நிபுணர் மட்டுமல்ல. தலை சிறந்த மேதையும் கூட. அவர் வசித்து வந்த ஊரில் மற்றொரு ஓவியர் ஒருவர் இருந்தார். அவர் பெயர் ரோசெட்டி என்பதாகும்.","(26-Oct-12, 5:25 pm)",dine,289 
உயிர் காக்கும் தந்திரம்,பாட்டி_சொன்ன_கதைகள்,,பாபு நடேசன்,"நரி பூனையிடம் தற்பெருமை பேசிக்கொண்டது. “எனக்கு பகைவர்களிடமிருந்து தப்பிக்க நூறு தந்திரங்கள் தெரியும். உனக்கு?”","(4-Sep-12, 11:06 am)",dine,322 
பிரம்ம ராட்சஷன்!,பாட்டி_சொன்ன_கதைகள்,,பரஞ்சோதி,"ஒரு ஊரில் ஆலமரம் ஒன்று இருந்தது. அது நல்ல சுவையுடைய நீரைக் கொண்ட ஒரு குளக்கரையில் இருந்தது. அந்த ஆலமரம் முதிர்ந்த வயதை உடையது.","(31-May-12, 4:43 pm)",dine,380 
குதிரையும் கொடுத்தான்,பாட்டி_சொன்ன_கதைகள்,,படித்தேன் பகிர்ந்தேன் ,"குதிரையும் கொடுத்தான்!","(28-Oct-15, 10:23 pm)",கவிப்புயல் இனியவன்,548 
நன்றி மறந்த சிங்கம்!,பாட்டி_சொன்ன_கதைகள்,,தினேஷ்,"முல்லை மலர் என்ற காட்டில் விறகு வெட்டுவதற்காக சென்று கொண்டிருந்தான் மனிதன் ஒருவன்.","(4-Sep-12, 11:49 am)",dine,384 
உலகத்திற்கு உப்பாய் இரு,பாட்டி_சொன்ன_கதைகள்,,,"ஒரு காலத்தில் இந்திரத்யும்னன் என்று ஒரு மாமன்னன் இருந்தான். அவன் ஆட்சி காலத்தில் மக்கள் போற்றும் வண்ணம் தான தர்மங்கள் செய்து, சிறப்பாக அரசாண்டு, நேரே சொர்க்கத்திற்குப் போனான். சொர்க்கபுரியின் இன்பத்தில் திளைத்துக் கொண்டிருந்த அவனை ஒரு நாள் சொர்க்கத்தின் 'தலை' கூப்பிடுவதாக தேவதூதன் வந்து சொன்னான். மன்னன் சென்று என்னவென்று கேட்ட போது 'உனக்கு சொர்க்க வாசம் முடிந்து விட்டது. பூலோகத்திற்கு நாளை கிளம்பத் தயாரக இரு' என்று கட்டளை போட்டது 'தலை'. ","(30-Nov-12, 12:06 pm)",dkmalathi,463 
கர்ப்பிணிப் பானை,பாட்டி_சொன்ன_கதைகள்,,முக நூல் ,"கர்ப்பிணிப் பானை","(15-Oct-15, 7:45 pm)",கவிப்புயல் இனியவன்,370 
துறவியின் தவறான நினைப்பு!,பாட்டி_சொன்ன_கதைகள்,,Rupa,"ஒரு ஊரில் முற்றும் துறந்த முனிவர் ஒருவர் இருந்தார். அவருக்குப் பல சீடர்கள் இருந்தார்கள்.","(26-Oct-12, 5:04 pm)",dine,239 
குயில் டாக்டர்!,பாட்டி_சொன்ன_கதைகள்,,Rupa,"கற்பூரவள்ளி என்ற காட்டில் ஆந்தை குடும்பம் ஒன்று வாழ்ந்து வந்தது. ஆந்தைக்கு இரண்டு ஆந்தை குஞ்சுகள் இருந்தன. தன் குஞ்சுகளை பேணி பராமரித்து வளர்த்தது தாய் ஆந்தை. குஞ்சுகள் வளர வளர அம்மாவிடம் பல கேள்விகள் கேட்க ஆரம்பித்தன.","(26-Oct-12, 5:19 pm)",dine,263 
கழுதைக்குக் கிடைக்குமா வாய்ப்பு?,பாட்டி_சொன்ன_கதைகள்,,Saravanan,"ஒரு எஜமானன் வீட்டில் ஒரு கழுதையும் நாயும் இருந்தன.","(25-Jan-13, 2:50 pm)",dine,306 
விகடகவியின் புத்திக்கூர்மை,பாட்டி_சொன்ன_கதைகள்,,வேல் முருகன்,"மன்னர் மகிபாலனின் அரசவையில் பாலா என்ற விகடகவி இருந்தார். விகடகவியின் புத்திக்கூர்மை மன்னருக்கு மிகவும் பிடித்துப் போனதால் அவரை தனது அரசாங்க ஆலோசகராகவும் நியமித்துக் கொண்டார்.","(26-Oct-12, 12:50 pm)",dine,265 
நன்றி சொல்வோம் நல்லதே நடக்கும்,பாட்டி_சொன்ன_கதைகள்,சிந்தனை சிறக்க,படித்ததில் சுவைத்தது ,"நன்றி சொல்வோம் நல்லதே நடக்கும் ..","(20-Aug-15, 3:56 pm)",நகைச்சுவைமன்னன்,420 
எளிமையின் வலிமையை ,பாட்டி_சொன்ன_கதைகள்,,,"எளிமையின் வலிமையை உலகோற் குணர்த்த ","(4-Jan-14, 10:27 am)",Venkatachalam Dharmarajan,634 
சேவகா்கள்,பாட்டி_சொன்ன_கதைகள்,அக்பா் பீர்பால் கதை,ஷாமினி குமார்,"ஒருநாள் காலையில் அக்பரும், பீர்பாலும் அரண்மனை முற்றத்தில் நின்று கொண்டிருந்தனர். சூரியனுடைய பொன்னிறக் கதிர்கள் பட்டதால், யமுனை நதி தனி அழகுடன் விளங்கியது. தங்கத்தை உருக்கி வார்த்ததைப்போல் யமுனை நதி ஓடிக்கொண்டிருந்தது.","(4-Apr-15, 8:11 am)",ஷாமினி அகஸ்டின்,542 
மன்னனின் வேட்டை,பாட்டி_சொன்ன_கதைகள்,,குணா,"ஒரு அடர்ந்த காட்டில் சிறந்த ஞானம் மிக்க ஒரு முனிவர் மரத்தின் கீழ் அமர்ந்து தவம் செய்து கொண்டிருந்தார் அந்த ஞானியானவர் எல்லா மிருகங்களிடமும் அன்போடு பழகுவார். மேலும், உடல் நலமில்லாத மிருகங்களுக்கு தன் தவ வலிமையால் மூலிகைச்சாறு கொண்டு மருத்துவம் செய்வார் இதனால் கொடிய குணம் கொண்ட புலி, சிறுத்தை போன்ற மிருகங்கள் எல்லாம் அந்த ஞானியை தினந்தோறும் வந்து வணங்கிச் செல்லும்.","(26-Oct-12, 3:48 pm)",dine,278 
கைக்கு எட்டியது,பாட்டி_சொன்ன_கதைகள்,,நிலா மகள் ,"ஒரு ஊரின் அருகே பெரிய காடு ஒன்று  இருந்தது.அந்தக் காட்டில் பலவித மரங்கள் நன்கு                 செழித்து வளர்ந்திருந்தன.  அந்த மரங்களை நாடி பலவிதமான பறவைகளும்   வந்து  மகிழ்ச்சியோடு தங்கிச் செல்லும். இவற்றை வேட்டையாட வேட்டைக்காரர்களும் வருவார்கள்.","(10-Sep-13, 5:50 pm)",nilamagal,721 
பெற்றோர்களை நம் கண் இமைபோல்,பாட்டி_சொன்ன_கதைகள்,என் வழிப் பயணத்தில்,படித்ததில் பிடித்தது ,"பெற்றோர்களை நம் கண் இமைபோல்..","(3-Feb-15, 4:59 pm)",மணிவாசன் வாசன்,513 
கெட்டிக்கார சேவல்,பாட்டி_சொன்ன_கதைகள்,,Manoj,"ஒரு நாள் காலையில் ஒரு மரத்தின் மீது சேவல் உட்கார்ந்து இருந்தது. காலை நேரம் ரம்மியமாக இருந்தபடியால் உற்சாகமாய் சேவல் கூவியது. பலதடவை கூவியது.","(25-Jan-13, 10:53 am)",,279 
சேரி குழந்தைகளின் பத்திரிகை,பாட்டி_சொன்ன_கதைகள்,,படித்தேன் பகிர்ந்தேன் ,"சேரி குழந்தைகளின் பத்திரிகை!","(10-Dec-15, 6:35 pm)",கவிப்புயல் இனியவன்,729 
பொன் முட்டையிடும் வாத்து!,பாட்டி_சொன்ன_கதைகள்,,தினேஷ்,"ஒரு ஊரில் ஒரு விவசாயி இருந்தான். அவன் ஒரு பேராசை பிடித்தவன். அவன் நிறைய வாத்துக்கள் வளர்த்து வந்தான். அந்த வாத்துக்களில் ஒன்று ஒவ்வொரு நாளும் ஒரு தங்க முட்டை இட்டு வந்தது. அந்த விவசாயி அந்த தங்க முட்டைகளை விற்றுப் பணக்காரன் ஆனான்.","(4-Sep-12, 2:41 pm)",dine,1072 
ஏழு வர்ணம்!,பாட்டி_சொன்ன_கதைகள்,,Vickram,"நீண்ட நெடுங்காலத்துக்கு முன்னர் உலகத்தில் பறவைகள்","(25-Jan-13, 3:51 pm)",dine,457 
பொருள் மீது அதீத பற்று வைக்காதே,பாட்டி_சொன்ன_கதைகள்,சிந்தனைக்கு சில நிமிடங்கள்,படித்ததில் பிடித்தது ,"ஒருவன் கலை அழகுடன் அரண்மனையைவிடச் சிறப்பாக மாளிகை ஒன்றைக் கட்டியிருந்தான்.அதை அந்த நாட்டு மன்னர் விலைக்குக் கேட்டும் அவன் கொடுக்கவில்லை.","(23-Jan-15, 6:58 pm)",கவிமணி,320 
பறக்க ஆசைப்பட்ட செடியன்,பாட்டி_சொன்ன_கதைகள்,,முகநூல் ,"பறக்க ஆசைப்பட்ட செடியன்","(3-Mar-16, 9:48 pm)",கவிப்புயல் இனியவன்,2284 
ஆட்டைக் காணோம்!,பாட்டி_சொன்ன_கதைகள்,,தினேஷ்,"முன்னொரு காலத்தில் கோணங்கி பட்டினம் என்ற ஊரில் மந்தை மேய்ப்பன் ஒருவன் வாழ்ந்து வந்தான். அவனிடம் நிறைய ஆடுகள் இருந்தன. அவற்றை அவனால் காவல்காக்க முடியவில்லை. தினமும் ஒவ்வொரு ஆட்டை ஓநாய்கள் கவர்ந்து சென்றன.","(4-Sep-12, 2:38 pm)",dine,475 
தேடுதல் !,பாட்டி_சொன்ன_கதைகள்,,naveen,"ஒரு மரங்கொத்திப் பறவை, தன் கூரிய அலகால் டொக் டொக்கென்று மரத்தைக் கொத்திக் கொண்டே அந்த மரத்தின் மேல் தாவித் தாவிஏறியது. அதைப் பார்த்த ஒரு மனிதன், """"மூடப் பறவையே, எதற்காக மரம் முழுவதையும் கொத்திக் கொண்டிருக்கிறாய்? இது வீண் வேலையல்லவா?'' என்று கேட்டான்.","(25-Jan-13, 3:59 pm)",dine,642 
ஆப்பைப் பிடுங்கியது குரங்கு,பாட்டி_சொன்ன_கதைகள்,,பாரதி,"ஓரிடத்தில் பெரிய கட்டிடம் ஒன்று கட்டும் வேலை நடைபெற்றுக் கொண்டிருந்தது.","(25-Jun-12, 4:11 pm)",dine,365 
"பருந்தும், புறாவும்",பாட்டி_சொன்ன_கதைகள்,,Sathish,"அந்தக் காட்டில் புறாக்கூட்டம் ஒன்று வசித்து வந்தது. ஒருநாள் எதேச்சையாக அந்தப் பக்கம் வந்த பருந்தின் கண்களில் புறாக்கூட்டம் தென்பட்டது. புறாக்களைப் பார்த்த பருந்துவுக்கு எச்சில் ஊறியது. ஏதாவது ஒரு புறா தனியாக வரும்; அதை எப்படியாவது தின்று விடலாம் என்று நீண்ட நேரமாக மறைந்து நின்றது. ஆனால், ஒரு புறா கூட கூட்டத்தை விட்டு தனியாகப் பிரிய வில்லை. இரை தேடும்போது கூட ஒன்றாகவே இருந்தன. எனவே, தந்திரத்தால் மட்டுமே இவை களை வெல்ல முடியும் என நினைத்து, அதைச் செயல்படுத்த ஆரம்பித்தது.","(25-Jan-13, 3:44 pm)",dine,578 
மருத்துவ குறிப்பு - 1,பாட்டி_சொன்ன_கதைகள்,,சேதுராமலிங்கம்.உ ,"தேவையான பொருட்கள் :-","(30-Aug-12, 12:32 pm)",sethuramalingam u,680 
அறிவுரை,பாட்டி_சொன்ன_கதைகள்,,ந. உதயகுமார்,"ஊருக்கு ஒதுக்குப் புறமாக ஒரு கொடிய விஷமுள்ள பாம்பு வாழ்ந்து வந்தது. ஊர் மக்கள் யாராவது அதன் புற்றின் பக்கம் போனால் சீறி வந்து கொத்தி விடும். பாம்புப் புற்று இருந்த பாதை அந்த ஊருக்கும் பக்கத்து சந்தைக்கும் குறுக்கு வழி. பாம்புக்கு பயந்தே ஊர் மக்கள் பல தொலைவு சுற்றி அந்த சந்தைக்குப் போய் வந்து கொண்டிருந்தார்கள். வேறு வழியில்லாததால் சலிப்புடனேயே வாழ்க்கையை நடத்திக் கொண்டிருந்தனர்.","(31-May-12, 2:53 pm)",dine,1642 
கசையடி,பாட்டி_சொன்ன_கதைகள்,,Rupa,"அந்த அரசனுக்கு சகுனங்களில் ஆழ்ந்த நம்பிக்கை உண்டு. அரண்மனை சோதிடரும் இந்த நம்பிக்கையை வைத்து அரசரிடம் ஏதாவது சொல்லி பரிசைப் பெற்றுக் கொள்வார்.","(26-Oct-12, 4:53 pm)",dine,193 
முரட்டுச் சிங்கம்,பாட்டி_சொன்ன_கதைகள்,,Rupa,"ஒரு பெரிய மலைப் பிரதேசத்தில் செழித்தோங்கி வளர்ந்த அடர்ந்த காடு. அக்காட்டில் சிங்கம், புலி, கரடி போன்ற பெரிய மிருகங்களும், மான், குரங்கு போன்ற சிறிய மிருகங்களும் வாழ்ந்து வந்தன. காலம் காலமாக பல வகையான மிருகங்களும் ஒரே இடத்தில் இருந்து வந்ததால் இவை ஒற்றுமையாக காட்டில் வாழ்ந்து வந்தன. ஆனாலும், இக்காட்டிலுள்ள சிங்கங்களில் முரட்டுச் சுபாவமுள்ள சிங்கம் ஒன்று இருந்தது. அதனுடைய செயல்கள் மற்ற சிங்கங்களுக்குப் பிடிக்காததால் அது தனிமைப் படுத்தப்பட்டு தனிக்காட்டு ராஜாவாக உலவி வந்தது.","(26-Oct-12, 12:29 pm)",dine,199 
அறிவாளி!,பாட்டி_சொன்ன_கதைகள்,,Guna,"விஜயபுரத்தை மன்னன் ஒருவன் ஆண்டு வந்தான். அவன் பெயர் மதிவதனர். அவனுடைய அரசவையில் இருந்த மூத்த அமைச்சர்களில் ஒருவர் திடீரென மரணம் அடைந்தார். எனவே, அந்தப் பதவி காலியாகவே இருந்தது.","(25-Jan-13, 11:55 am)",,392 
வைர மோதிரம்,பாட்டி_சொன்ன_கதைகள்,,Dinesh,"மரியாதை ராமன் வசித்து வந்த ஊரில் சோமன் என்ற ஒரு பணக்காரன் இருந்தார். அவர் மிகவும் பொல்லாதவர் பணத்தாசைப் பிடித்தவர்.","(19-Jul-12, 3:36 pm)",dine,738 
நீண்ட ஆயுள்,பாட்டி_சொன்ன_கதைகள்,,Rupa,"ஒரு சம்சாரி எப்படிப்பட்ட வாழ்க்கை வாழ்ந்தால் அதிக ஆண்டுகள் வாழலாம் என்கிற கேள்வி அவன் மனதைத் துளைத்துக் கொண்டிருந்தது.","(26-Oct-12, 4:54 pm)",dine,253 
தாழ்வு மனப்பான்மையை,பாட்டி_சொன்ன_கதைகள்,சிந்தனை சிறக்க,படித்ததில் சுவைத்தது ,"தாழ்வு மனப்பான்மையை..","(20-Aug-15, 3:54 pm)",நகைச்சுவைமன்னன்,510 
கிருஷ்ணர் முன்பு காதல் லீலை,பாட்டி_சொன்ன_கதைகள்,,Vickram,"அது ஒரு கிருஷ்ணன் கோவில். அந்த கோவிலில் அர்ச்சகராக இருந்த ஒருவருக்கு காதலி ஒருத்தி இருந்தாள். அவள் காதலனான அர்ச்சகரை பார்க்கும் பொருட்டு தினமும் கோவிலுக்கு வந்து விடுவாள். அப்போது, பகல் நேரம் என்று பாராது இருவரும் கொஞ்சி மகிழ்வார்கள்.","(25-Jan-13, 2:54 pm)",dine,368 
தலைவன்,பாட்டி_சொன்ன_கதைகள்,,படித்ததில் பிடிப்பு ,"தலைவன்","(5-Aug-16, 12:13 pm)",கவிப்புயல் இனியவன்,1410 
உழைக்காமல் பணக்காரன் ஆக,பாட்டி_சொன்ன_கதைகள்,சிந்தனை சிறக்க,படித்ததில் சுவைத்தது ,"உழைக்காமல் பணக்காரன் ஆக...","(20-Aug-15, 3:52 pm)",நகைச்சுவைமன்னன்,400 
நிம்மதியும் மகிழ்ச்சியும் கிடைக்குமா?,பாட்டி_சொன்ன_கதைகள்,,குணா,"ஒரு பெரிய பணக்காரன். அவனுக்கோ மனதில் திருப்தியும் அமைதியும் இல்லை. பணத்தால் அடையக்கூடிய சுகமெல்லாம் அடைந்த பின்னும் அவனுக்குள் ஒரு வெற்றிடம்.","(26-Oct-12, 4:47 pm)",dine,261 
தந்திர நரியை வென்ற புத்திசாலி கழுதை,பாட்டி_சொன்ன_கதைகள்,,பாபு நடேசன்,"ஒரு நாள் ஒரு காட்டுப் பகுதியில் கழுதை ஒன்று மேய்ந்து கொண்டிருந்தது.","(4-Sep-12, 10:44 am)",dine,283 
நாங்களும் நல்லவர்களே,பாட்டி_சொன்ன_கதைகள்,,படித்ததில் பிடிப்பு ,"நாங்களும் நல்லவர்களே!","(5-Aug-16, 12:19 pm)",கவிப்புயல் இனியவன்,3997 
வேஷம் போட்ட கழுதை,பாட்டி_சொன்ன_கதைகள்,,பார்த்தி,"ஒரு சலவைத் தொழிலாளியிடம் கழுதை ஒன்று இருந்தது. அந்தக் கழுதைக்கு தேவையான தீவனத்தை வைக்க முடியவில்லை. வயிறார புல் மேய்வதற்கு மேய்ச்சல் நிலமும் இல்லை.","(25-Jun-12, 2:58 pm)",dine,387 
கர்வம் கூடாது,பாட்டி_சொன்ன_கதைகள்,என் வழிப் பயணத்தில்,படித்ததில் பிடித்தது ,"கர்வம் கூடாது'..","(17-Feb-15, 5:48 pm)",மணிவாசன் வாசன்,969 
சந்தேகம்,பாட்டி_சொன்ன_கதைகள்,,பரஞ்சோதி,"ஒரு நாள் இரண்டு தேவதைகளுக்கு சந்தேகம் வந்தது. இறைவனிடம் பலரும் வந்து வேண்டிக் கொண்டனர். அப்படி வேண்டிக் கொள்ளும் போது, """"இறைவா... நான் தினமும் உன்னை வணங்குகிறேன்'' என்பது போல் சொல்கின்றனர்... இதில் உண்மையான பக்தி உடையவன் யார் என்பது தான் அது' நேராக இறைவனிடம் சென்று தங்கள் சந்தேகத்தை கேட்டன.","(31-May-12, 3:50 pm)",dine,525 
பார்வையற்ற துறவி!,பாட்டி_சொன்ன_கதைகள்,,Geetha,"ஒரு காட்டில் ஒரு பெரிய ஆலமரத்தின் அடியில் துறவி ஒருவர் அமர்ந்திருந்தார். அவருக்குப் பார்வை கிடையாது.","(25-Jan-13, 11:45 am)",,295 
அறிஞர்,பாட்டி_சொன்ன_கதைகள்,,Prakash,"ஒரு அறிஞர் ஆராய்ச்சி நூல் ஒன்று எழுதுவதற்காக அமைதியான இடத்தைத் தேடிக் கொண்டிருந்தார். அவர் அறியாமல், அரக்கர்கள் இருந்த பள்ளத்தாக்கை தன் இடமாகத் தேர்ந்தெடுத்தார். கோபமடைந்த ஒரு அரக்கன் அவரைப் பார்த்துக் கேட்டான்.","(25-Jan-13, 4:52 pm)",dine,562 
யார் பெரியவர்,பாட்டி_சொன்ன_கதைகள்,,படித்தேன் பகிர்ந்தேன் ,"யார் பெரியவர்?","(30-Nov-15, 3:10 pm)",கவிப்புயல் இனியவன்,1205 
அடுத்த மடாதிபதி யார்?,பாட்டி_சொன்ன_கதைகள்,,ராஜா,"ஒரு ஆதீன மடாதிபதிக்கு வயதாகிவிட்டது. அதனால், தனக்கு அடுத்தபடியாக யாரை நியமிக்கலாம் என்று யோசித்தார். தனது சீடர்களுள் 3 பேரை மட்டும் தேர்வு செய்து வரவழைத்தார். அவர்களில் யார், மடாதிபதி பதவிக்கு தகுதியானவர் என்பதை உறுதி செய்ய ஒரு சோதனையும் வைத்தார்.","(26-Oct-12, 3:17 pm)",dine,169 
பெற்றோர் சொன்னா கேட்கணும்,பாட்டி_சொன்ன_கதைகள்,,பரஞ்சோதி,"சிறுகம்பையூர் என்ற ஊரில் ஏழை மனிதர் ஒருவர் வாழ்ந்து வந்தார். அவருக்கு மூன்று பிள்ளைகள் இருந்தனர். இந்த ஏழை மனிதரிடம் செல்வம் இல்லையென்றாலும் தன் குழந்தைகளை அன்பு காட்டி அரவணைத்து நல்ல வழியில் வளர்த்து ஆளாக்கினார். தான் இறக்கும் தருவாயில் தன் பிள்ளைகளை அழைத்தார்.","(31-May-12, 4:18 pm)",dine,469 
ஆதங்கம்,பாட்டி_சொன்ன_கதைகள்,வாழ்கை,பாத்திமா மலர்   ,"போராடும்   மண்ணில் ஏதேதோ  ","(22-Jul-14, 9:55 am)",பாத்திமா மலர்,477 
மனத்திருப்தி,பாட்டி_சொன்ன_கதைகள்,,தினேஷ்,"ஒரு கோவிலில் கல்தச்சர்களின் முயற்சியால் சிற்பங்கள், சிலைகள், விக்ரகங்கள் வடிவமைக்கப் பட்டுக்கொண்டு இருந்தன.","(4-Sep-12, 5:08 pm)",dine,551 
எதையும் ஈடுபாட்டுடன் செய்தல் வேண்டும்,பாட்டி_சொன்ன_கதைகள்,சிந்தனை சிறக்க,படித்ததில் சுவைத்தது ,"எதையும் ஈடுபாட்டுடன் செய்தல் வேண்டும் ","(20-Aug-15, 3:50 pm)",நகைச்சுவைமன்னன்,362 
ஆறாவது முட்டாள்!,பாட்டி_சொன்ன_கதைகள்,,Naveen,"அரசர் கிருஷ்ணதேவராயருக்கு அன்று விபரீதமான ஓர் ஆசை ஏற்பட்டது. அவர் அப்பாஜியிடம், “அமைச்சரே, இன்று மாலை ஆறு மணிக்குள் நம் தலைநகரான விஜயநகரை நீர் நன்றாகச் சுற்றிப் பார்த்து, ஆறு முட்டாள்களின் விலாசத்தைக் குறித்துக் கொண்டு வாருங்கள்'' என்று ஆணையிட்டார்.","(25-Jan-13, 2:20 pm)",dine,341 
முட்டாளுக்கு புத்தி சொன்னால்?,பாட்டி_சொன்ன_கதைகள்,,பார்த்தி,"ஒரு காட்டில் பல குரங்குகள் கூட்டமாக வசித்து வந்தன.","(25-Jun-12, 3:20 pm)",dine,414 
வித்தைக்காரனை வென்ற கதை - தெனாலி ராமன்  கதை,பாட்டி_சொன்ன_கதைகள்,,சத்யாசெந்தில்.,"தெனாலி ராமன் கிருஷ்ணதேவராயரின் புகழைக் கேள்விப் பட்டு அவரைக் காண்பதற்காக விஜயநகரத்தை நோக்கிப் புறப்பட்டான். பல நாட்கள் அவ்வூரில் தங்கி முயற்சித்தும் அரசரைக் காண இயலவில்லை. எப்படியாவது அரசரைப் பார்த்து விடுவது என்று முயற்சித்துக் கொண்டே அவ்வூரிலேயே தங்கியிருந்தான். தினமும் அரண்மனைக்குப் போவதும் திரும்பி வருவதுமாக இருந்தான்.","(18-Oct-12, 10:18 am)",SathyaSenthil,448 
மகன் ஒளித்து வைத்த ஓடு!,பாட்டி_சொன்ன_கதைகள்,,Rupa,"ஒரு செல்வந்தன் தன் தந்தைக்கு ஒரு ஓட்டிலே கஞ்சி வார்த்துக் கொடுத்துக் கொண்டு வந்தான்.","(26-Oct-12, 5:03 pm)",dine,239 
வினை விதைத்தவன்,பாட்டி_சொன்ன_கதைகள்,,Rupa,"ஓர் ஊரில் பெரிய பண்ணையார் ஒருவர் இருந்தார். அந்த ஊரில் இருந்த பெரும்பாலான நிலங்கள் அவருக்குத் தான் சொந்தம். அவர் கொடுர மனம் படைத்தவர், யாருக்கும் உதவி செய்ய மாட்டார், பணம், பணம் என்று பேராசையில் வாழ்பவர்.","(26-Oct-12, 5:41 pm)",dine,590 
திருந்திய திருடன்,பாட்டி_சொன்ன_கதைகள்,,பரஞ்சோதி,"முன்னொரு காலத்தில் திருடன் ஒருவன் இருந்தான். தன் மகன் ராசப்பாவையும் திருட்டுத் தொழிலில் வல்லவனாக வளர்த்தான். திருடன் இறக்கும் நேரம் வந்தது.","(31-May-12, 4:25 pm)",dine,408 
பார்க்கும் திறன் யாருக்கு அதிகம்?,பாட்டி_சொன்ன_கதைகள்,,Karthi,"தன்னுடைய கண்களுக்குத்தான் பார்க்கும் திறன் அதிகம்","(25-Jan-13, 4:00 pm)",dine,656 
விடுகதை விளையாட்டு 02,பாட்டி_சொன்ன_கதைகள்,,கே இனியவன் ,"விடுகதை :-    ","(28-Oct-13, 4:55 pm)",கவிப்புயல் இனியவன்,553 
அறிவுக்கூர்மை!,பாட்டி_சொன்ன_கதைகள்,,Hari,"அரசர் கிருஷ்ண சந்திரருக்கு அடுத்தடுத்து மகள்கள் பிறந்தனர். தனக்குப் பின் ஆட்சி செய்ய ஒரு மகன் இல்லையே என்று கவலைப்பட்டார். பல கோவில்களுக்குச் சென்று அவரும், அரசியும் வழிபட்டனர்.","(25-Jan-13, 2:19 pm)",dine,460 
பீர்பால் வீடு எது,பாட்டி_சொன்ன_கதைகள்,,படித்தேன் பகிர்ந்தேன் ,"பீர்பால் வீடு எது?","(30-Nov-15, 3:08 pm)",கவிப்புயல் இனியவன்,677 
முட்டாள் வணிகன்!,பாட்டி_சொன்ன_கதைகள்,,Dinesh,"ஓர் ஊரில், வணிகன் ஒருவன் இருந்தான். பணக்காரனான அவன் சரியான கஞ்சன். எனவே, முட்டாளான ஒருவனை வேலைக்காரனாக வைத்திருந்தான்.","(25-Jan-13, 11:43 am)",,239 
குட்டித் தோழி,பாட்டி_சொன்ன_கதைகள்,,விழியன்,"இரயில் அரை மணி நேரம் தாமதம். எந்த ரயில் சரியான நேரத்திற்கு வருகிறது? இரயில் நிலையத்தில் அன்று கூட்டம் சற்று அதிகமாகவே இருந்தது. சென்ற வெள்ளிக்கிழமை விடுமுறை என்பதால் இந்த ஞாயிற்றுக்கிழமை அதிக கூட்டம். காட்பாடியில் இருந்து பெங்களூர் செல்ல எப்படியும் நான்கு மணி நேரம் பிடிக்கும். எப்படி நேரத்தை செலவு செய்வது? புதிதாய் வாங்கிய புத்தகம் இரண்டையும் வீட்டிலேயே விட்டுவிட்டேன். ஹிக்கின்போத்தம்ஸ் கடை எதிர் பிளாட்பாரத்தில் தான் இருந்தது. அங்கு சென்றுவர சோம்பேறித்தனம்!","(31-May-12, 12:06 pm)",dine,496 
சோம்பேறி!,பாட்டி_சொன்ன_கதைகள்,,தினேஷ்,"ஒரு ஊரில் ஒரு சோம்பேறி இருந்தானம். எந்த வேலையும் செய்யாமல் உண்பதும், தூங்குவதும் மட்டும் செய்ததால் அவனுக்கு ஏகப்பட்ட வியாதிகள்.","(4-Sep-12, 12:09 pm)",dine,622 
துர்நாற்றம்,பாட்டி_சொன்ன_கதைகள்,,படித்தேன் பகிர்ந்தேன் ,"துர்நாற்றம் ","(10-Dec-15, 6:39 pm)",கவிப்புயல் இனியவன்,1304 
நவரத்தின மாலை!,பாட்டி_சொன்ன_கதைகள்,,Karthi,"சொர்ணபுரியை ஆண்ட மன்னன் வர்மனின் தர்பாரில் நான்கு பண்டிதர்கள் இருந்தனர். அந்த பண்டிதர்களும், மன்னனிடம் ஏதாவது காரணம் காட்டி, பணம் பறித்துக் கொண்டே இருப்பர்.","(25-Jan-13, 2:14 pm)",dine,247 
கெடுவான் கேடு நினைப்பான்,பாட்டி_சொன்ன_கதைகள்,சிந்தனை சிறக்க,படித்ததில் சுவைத்தது ,"கெடுவான் கேடு நினைப்பான்..","(21-Aug-15, 10:10 pm)",நகைச்சுவைமன்னன்,1225 
மதில் மேல் பூனை மனப்பான்மை வேலைக்கு உதவாது,பாட்டி_சொன்ன_கதைகள்,,ந. உதயகுமார்,"மஹாபாரதப் போர் நடந்து கொண்டிருந்தது. ஒரு வீரன் போர்க்களத்திற்குள் வந்து கொண்டிருந்ததை கிருஷ்ணர் கவனித்தார். அவனுடைய நேர்ப் பார்வையும், நிமிர்த்திய நெஞ்சும், வீர நடையும் கிருஷ்ணரை ஈர்த்தது. தன் உருவை மாற்றிக் கொண்டு அவனை அணுகி ""வீரனே எங்கு வந்தாய்?"" என்று கேட்டார். ""நான் போரில் பங்கேற்க வந்தேன்!"" என்றான் அவன். ""உனக்கு என்னப்பா தகுதியிருக்கிறது"" என்றார் கிருஷ்ணர். அவன் தன்னிடம் இருக்கும் வில்லையும் மூன்று அம்புகளையும் காட்டி, ""இதில் ஒன்றால் பாண்டவர்களையும், மற்றொன்றால் கௌரவர்களையும், மூன்றாவதால் அந்தக் கிருஷ்ணனையும் கொல்லும் திறமை படைத்தவன் நான்"" என்றான்.","(31-May-12, 2:47 pm)",dine,400 
எதற்கும் இருக்கலாம்... என்பதா?,பாட்டி_சொன்ன_கதைகள்,,கார்த்தி,"ஒரு ஏழையான சீனக் குடியானவன், ஒரு அழகான கறுப்புக் குதிரை வைத்திருந்தான்.","(26-Oct-12, 5:54 pm)",dine,438 
முயற்சி,பாட்டி_சொன்ன_கதைகள்,பாட்டி வைத்தியம்,ஜெய ராஜரெத்தினம்,"உங்கள் வீட்டில் முருங்கை மரம் உள்ளதா?","(23-Dec-14, 9:28 pm)",ஜெய ராஜரெத்தினம்  ,569 
மனம் ஒரு குரங்கு,பாட்டி_சொன்ன_கதைகள்,சிந்தனை சிறக்க,படித்ததில் சுவைத்தது ,"மனம் ஒரு குரங்கு..","(21-Aug-15, 10:10 pm)",நகைச்சுவைமன்னன்,1008 
நம்பிக்கைதானே வாழ்க்கை!,பாட்டி_சொன்ன_கதைகள்,,ஹரி,"ஒரு காட்டில் இருந்த மூன்று மரங்கள் தங்களுடைய கனவுகளைப் பற்றி பேசிக் கொண்டிருந்தன.","(26-Oct-12, 4:57 pm)",dine,305 
திருடனும் ஓட்டைக் கிண்ணமும்!,பாட்டி_சொன்ன_கதைகள்,,Sathish,"புத்தபகவான் ஒருமுறை தன் சீடர்களுடன் காட்டில் தங்கினார்.","(25-Jan-13, 4:02 pm)",dine,886 
குட்டீஸ் இவற்றை அறிஞ்சுக்கோ,பாட்டி_சொன்ன_கதைகள்,,படித்தேன் பகிர்ந்தேன் ,"வலி நிவாரணத் தைலம் எப்படி வேலை செய்கிறது?","(10-Dec-15, 6:32 pm)",கவிப்புயல் இனியவன்,1135 
புத்திசாலி ஜெரி,பாட்டி_சொன்ன_கதைகள்,,Rupa,"அந்திமந்தாரை காட்டில் ஜெரி என்ற எலி சர்வ சுதந்திரமாகச் சுற்றித் திரிந்தது. அது நன்றாக விளைந்திருந்த தானியங்களையும், கனிகளையும், இளங்குருத்துக்களையும் தின்று தின்று கொழு கொழுவென்று வளர்ந்திருந்தது.","(26-Oct-12, 5:34 pm)",dine,373 
இரண்டு எலிகள்,பாட்டி_சொன்ன_கதைகள்,,முத்து,"பசி தாங்க முடியாத இரண்டு எலிகள் தாங்கள் ஒளிந்திருந்த வீட்டின் சமையல் அறைக்குள் புகுந்தன.","(26-Oct-12, 3:46 pm)",dine,282 
கை மேல் பலன் கிடைத்தது,பாட்டி_சொன்ன_கதைகள்,,ந. உதயகுமார்,"அரசன் ஒருவன் சகுனங்களில் ஆழ்ந்த நம்பிக்கை உடையவன். அரண்மணை சோதிடர் இந்த நம்பிக்கை மேல் குளிர் காய்ந்து கொண்டிருந்தார். ஒரு நாள் இப்படித்தான் 'அரசே, அதிகாலை எழுந்தவுடன் இரண்டு காக்கைகளை ஒன்றாகப் பார்த்தால் நாள் சிறக்கும்' என்று நம்பிக்கை ஊட்டினார்.","(31-May-12, 2:50 pm)",dine,341 
கவிதையைத் தூக்கி வர ஆட்களா?,பாட்டி_சொன்ன_கதைகள்,,Rupa,"அராபிய சுல்தான் ஒருவன் கவிஞர்களின் கவிதைகளைக் கேட்டு, அவற்றை அப்படியே தானே திருப்பிச் சொல்லியோ அல்லது தன் அடிமைகளைத் திருப்பிச் சொல்லச் சொல்லியோ கவிதை பழையது என்று வெறுங்கையுடன் திருப்பி அனுப்பிக் கொண்டிருந்தான்.","(26-Oct-12, 5:14 pm)",dine,228 
கிழவர் கேட்ட கேள்வி!,பாட்டி_சொன்ன_கதைகள்,,Rupa,"பாண்டிய நாட்டை ராசராசன் என்ற மன்னன் ஆண்டு வந்தான். அவன் மனைவி ஓரளவிற்கு இசைஞானம் உடையவள்; சிறந்த அழகியும் கூட.","(26-Oct-12, 11:53 am)",dine,250 
கல்லுக்கு மதிப்பு வருமா?,பாட்டி_சொன்ன_கதைகள்,,Rupa,"ஞானி ஒருவரிடம் பல சீடர்கள் இருந்தனர். அதில் ஒரு சீடர் அவரை ஏதாவது கேட்டு அடிக்கடித் தொந்தரவு செய்து கொண்டிருந்தான்.","(26-Oct-12, 4:46 pm)",dine,212 
தானத்தில் சிறந்தவர் கர்ணனே,பாட்டி_சொன்ன_கதைகள்,,பரஞ்சோதி,"ரொம்ப நாட்களாகவே பாண்டவர்களுக்கு ஒரு சந்தேகம் இருந்தது.","(31-May-12, 12:13 pm)",dine,434 
சொன்னதைத்தான் செய்தேன் என்கிற,பாட்டி_சொன்ன_கதைகள்,சிந்தனை சிறக்க,படித்ததில் சுவைத்தது ,"சொன்னதைத்தான் செய்தேன் என்கிற..","(21-Aug-15, 10:11 pm)",நகைச்சுவைமன்னன்,758 
பேயால் வந்த வாழ்வு!,பாட்டி_சொன்ன_கதைகள்,,Manoj,"முன்னொரு காலத்தில் மதின் என்ற இளைஞன் பொன்னேரி என்ற சிறிய கிராமத்தில் வாழ்ந்து வந்தான். இவனது பெற்றோர் இறந்துவிட்டனர். இனி அந்த ஊரில் இருக்கப் பிடிக்காமல் பக்கத்திலுள்ள ஊருக்கு வேலை தேடிச் சென்றான். உச்சி வெயில் அதிகமானது.","(25-Jan-13, 2:22 pm)",dine,298 
புத்தி பலம்,பாட்டி_சொன்ன_கதைகள்,,பரஞ்சோதி,"புத்தூர் என்ற ஊரில் இளங்கோ என்ற இளைஞன் ஒருவன் இருந்தான். அவன் உடல் வலிமையே இல்லாதவன். ஆள் பார்ப்பதற்கு சுமாரான உடல் கட்டு கொண்டவனாக இருந்தாலும், அவனால் கடினமான வேலைகள் எதையும் செய்ய முடியாது. ஆனால், பிறரது பலத்தை தனக்குப் பயன்படுத்தி காரியம் சாதித்துக் கொள்வதில் அவனை மிஞ்ச யாராலும் முடியாது.","(31-May-12, 12:16 pm)",dine,419 
திருந்தும் திருடன்,பாட்டி_சொன்ன_கதைகள்,,ஹரி,"ஒரு திருடன் தன் தொழிலின் மூலம் ஏராளமான சொத்து சேர்த்திருந்தான்.அவன் கட்டளைக்கு அடிபணிய சில திருடர்கள் இருந்தனர்.ஆனாலும் அவனிடம் நிறைவில்லை.","(26-Oct-12, 3:52 pm)",dine,256 
தியாகம்,பாட்டி_சொன்ன_கதைகள்,,பரஞ்சோதி,"சதுரங்க பட்டணத்தை சுந்தரபாண்டி என்ற மன்னன் ஆண்டு வந்தான். அவனுக்கு கதம்பா என்னும் அழகிய பெண் இருந்தாள்.","(31-May-12, 4:47 pm)",dine,414 
அல்லிப்பூவின் மருத்துவ குணம் நாம் முனோர்களின் மருத்துவம் !!!!!!,பாட்டி_சொன்ன_கதைகள்,,நெய்வேலி ஆனந்த்,"அல்லிப்பூவின் மருத்துவ குணம் நாம் முனோர்களின் மருத்துவம் !!!!!!","(20-Sep-12, 1:10 am)",நெய்வேலி ஆனந்த்,398 
தேவதையின் தீர்ப்பு,பாட்டி_சொன்ன_கதைகள்,,பரஞ்சோதி,"அது ஓர் அழகிய பனிக்காலம்.","(31-May-12, 4:01 pm)",dine,774 
உண்மை,பாட்டி_சொன்ன_கதைகள்,,படித்ததில் பிடிப்பு ,"உண்மை","(5-Aug-16, 12:18 pm)",கவிப்புயல் இனியவன்,3163 
பூதம் சொன்ன கதை,பாட்டி_சொன்ன_கதைகள்,,தினமலர் - சிறுவர் மலர்,"முன்னொரு காலத்தில் பணக்கார பிரபு ஒருவருக்கு இரண்டு மகன்கள் இருந்தனர். மூத்தவன் அமுதன் மிகவும் நல்லவன்; இரக்க குணமுடையவன். இளையவன் யாசகன் மிகவும் கெட்டவன்.","(31-May-12, 11:50 am)",dine,622 
குரங்கு வாங்கி கொடுத்த தண்டனை,பாட்டி_சொன்ன_கதைகள்,,பாபு நடேசன்,"உழைக்காமல் உண்ண வேண்டும் என்ற ஆசை பரமார்த்த குருவுக்கு ஏற்பட்டது. ஒரு குரங்கைப் பிடித்து வந்து, அதற்குப் பயிற்சி கொடுத்து  எல்லா பொருள்களையும் திருடிக் கொண்டு வர கற்றுத் கொடுத்தார்கள்.","(4-Sep-12, 11:18 am)",dine,332 
நோயின்றி வாழ,பாட்டி_சொன்ன_கதைகள்,,ஜெய ராஜரெத்தினம் ,"சோளமும் கம்பும் ","(9-Apr-13, 6:21 am)",ஜெய ராஜரெத்தினம்  ,691 
நன்றி மறக்காத எறும்பு,பாட்டி_சொன்ன_கதைகள்,,பாரதி,"ஒரு கட்டெறும்பு தண்ணீரில் தத்தளித்துக் கொண்டிருந்தது.","(25-Jun-12, 4:44 pm)",dine,672 
எலுமிச்சங்காய் அளவு சாதம்,பாட்டி_சொன்ன_கதைகள்,,குணா,"ஒரு ஊரிலிருந்து மற்றொரு ஊருக்குச் சென்ற தேசாந்தரி ஒருவன் இடையிலிருந்த உணவு விடுதி ஒன்றுக்குச் சென்று, ""ஒரு தங்கக் காசு தருகிறேன். ஒரு எலுமிச்சங்காய் அளவு சாதம் போட்டாலும் பரவாயில்லை"" என்றான்.","(26-Oct-12, 3:24 pm)",dine,197 
பேராசை பெரும் நஷ்டம்,பாட்டி_சொன்ன_கதைகள்,,பரஞ்சோதி,"சிறுநாவலூர் என்னும் கிராமத்தில் சுப்பன் என்ற விவ சாயி வாழ்ந்து வந்தான். கிராமத்து விவசாயிகள் எல்லோரும் நிலத்தில் பயிர் வைக்கும்போது தான் சுப்பனும் பயிர் வைப்பான்.","(31-May-12, 4:46 pm)",dine,472 
கவலையைப் பற்றி மட்டுமே,பாட்டி_சொன்ன_கதைகள்,சிந்தனை சிறக்க,படித்ததில் சுவைத்தது ,"கவலையைப் பற்றி மட்டுமே..","(21-Aug-15, 11:12 am)",நகைச்சுவைமன்னன்,372 
அதிசய மோதிரம்!,பாட்டி_சொன்ன_கதைகள்,,தினேஷ்,"முன்னொரு காலத்தில், கிராமம் ஒன்றில் ஒரு விவசாயி வாழ்ந்து வந்தான். செய்வதற்கு வேலையும் கிடைக்காமல், அப்படி வேலை கிடைத்தாலும், அதன் மூலம் போதிய வருமானம் இல்லாமல் மிகவும் கஷ்டப்பட்டு வாழ்க்கையை நகர்த்திக் கொண்டிருந்தான்.","(4-Sep-12, 3:35 pm)",dine,686 
மாப்பிள்​ளைகளுக்கு மரண தண்ட​னை,பாட்டி_சொன்ன_கதைகள்,,முக நூல் ,"மாப்பிள்​ளைகளுக்கு மரண தண்ட​னை","(1-Dec-15, 8:12 pm)",கவிப்புயல் இனியவன்,1424 
உதைத்த காலுக்கு முத்தம்,பாட்டி_சொன்ன_கதைகள்,,முக நூல் ,"உதைத்த காலுக்கு முத்தம்","(1-Dec-15, 8:19 pm)",கவிப்புயல் இனியவன்,1351 
மனம் விட்டு சிரித்தால்,பாட்டி_சொன்ன_கதைகள்,சிந்தனை சிறக்க,படித்ததில் சுவைத்தது ,"மனம் விட்டு சிரித்தால்.....","(21-Aug-15, 11:14 am)",நகைச்சுவைமன்னன்,714 
செல்வம் நம்மோடு இருக்கட்டும்,பாட்டி_சொன்ன_கதைகள்,,முக நூல் ,"செல்வம் நம்மோடு இருக்கட்டும்","(15-Oct-15, 7:32 pm)",கவிப்புயல் இனியவன்,298 
அறிஞரின் மகன் !!!,பாட்டி_சொன்ன_கதைகள்,,நான் படித்தது ,"ஒரு கிராமத்தில் ஒரு அறிஞர் இருந்தார். அவர் ஒரு பொருளாதார மேதையா யிருந்தார். பல மன்னர்கள் தங்கள்நாட்டுப் பொருளாதாரத்தைச் சீர்படுத்த அவர் ஆலோசனையை நாடினர்.","(28-May-13, 12:46 pm)",DineshRak,537 
வைகுண்டம் எங்கே இருக்கிறது?,பாட்டி_சொன்ன_கதைகள்,,Saravanan,"முன்னொரு காலத்தில் அரசன் ஒருவனுக்கு திடீர் சந்தேகம் ஒன்று ஏற்பட்டது. நாள்தோறும் தான் வணங்கும் பெருமாள் பள்ளி கொண்டிருக்கும் வைகுண்டம் எங்கே இருக்கிறது என்பதுதான் அவனது சந்தேகம்.","(25-Jan-13, 3:10 pm)",dine,440 
சிங்கத்திற்கு வாழைப்பழம்,பாட்டி_சொன்ன_கதைகள்,,நவீன்,"ஒரு சர்க்கஸ் குழுவிடம் சிக்கிக் கூண்டில் அடைபட்டுக் கிடந்த அந்த சிங்கத்துக்கு தினமும் சாப்பிட ஒரு கிலோ கறி (இறைச்சி) மட்டுமே கொடுத்தார்கள். காட்டில் சுதந்திரமாக சுற்றி திரிந்து மான்களை கணக்கில்லாமல் வேட்டையாடித் திரிந்த நாட்கள் அதன் நினைவுகளில் வந்து ஏக்கத்தைக் கூட்டியது. அந்த நாட்கள் திரும்பவும் வராதா என்று இறைவனை அது வேண்டியது.","(26-Oct-12, 3:25 pm)",dine,254 
ஜராசந்தன் ஏமாறுதல்,பாட்டி_சொன்ன_கதைகள்,,படித்ததில் பிடிப்பு ,"ஜராசந்தன் ஏமாறுதல் - கண்ணன் கதைகள்.","(5-Aug-16, 12:07 pm)",கவிப்புயல் இனியவன்,892 
மின்னு,பாட்டி_சொன்ன_கதைகள்,,naveen,"மின்னுவுக்கு இரண்டு தும்பிக்கைகள். அதனாலேயே அவன் யாரையுமே மதிக்கமாட்டான். எப்போதும் கர்வமாக இருப்பான். யாராவது அவனோடு பேசினாலும் அவர்களோடு பேசமாட்டான். யாராவது உதவி என்று வந்து கேட்டால் செய்யமாட்டான். எப்போதும் காட்டுக்குள் தன் நண்பர்களுடன் திமிராக சுற்றிக்கொண்டிருப்பதுதான் அவனுக்கு வேலை.","(25-Jan-13, 11:24 am)",,171 
யார் முட்டாள்?,பாட்டி_சொன்ன_கதைகள்,,Rupa,"ஆற்றங்கரை ஓரமாக வந்து கொண்டிருந்த வழிப்போக்கன் ஒருவனுக்கு வைரக்கல் ஒன்று கண்ணில் பட்டது.","(26-Oct-12, 4:55 pm)",dine,283 
தேவ மைந்தன்,பாட்டி_சொன்ன_கதைகள்,,பரஞ்சோதி,"அது ஓர் குதிரை லாயம். நாலைந்து அழகிய குதிரைகளுடன் ஒரு கழுதைக் குட்டியும் அங்கே இருந்தது. குதிரைகளை நல்ல முறையில் பராமரித்து வந்த எஜமான், கழுதைக் குட்டியைக் கவனிப்பதே இல்லை. அதற்குத் தீனி போடுவதும் இல்லை. குதிரைகள் தின்று கழித்துப் போடுவதைத் தின்றே கழுதைக் குட்டி பசியாற்றிக் கொள்ளும்.","(31-May-12, 4:19 pm)",dine,301 
யானைக்கு வந்த திருமண ஆசை,பாட்டி_சொன்ன_கதைகள்,,முக நூல் ,"யானைக்கு வந்த திருமண ஆசை","(15-Oct-15, 7:50 pm)",கவிப்புயல் இனியவன்,733 
சிவப்பு மலை!,பாட்டி_சொன்ன_கதைகள்,,பாரதி,"பல வருடங்களுக்கு முன்பு சிங்கப்பூரைச் சுற்றியுள்ள கடல்பகுதியில் பயங்கரமான வாள் மீன்கள் நிரம்பியிருந்தன. இவற்றின் மூக்குப் பகுதி நீளமாக வாள் போல இருக்கும். ","(25-Jun-12, 2:21 pm)",dine,306 
குருவின் மாறுபட்ட பிரார்த்தனை!,பாட்டி_சொன்ன_கதைகள்,,Rupa,"ஒரு சமயம் சீக்கிய மத ஸ்தாபகரான குருநானக் தன்னுடைய சீடர்களுடன் ஒரு ஊருக்கு உபதேசம் செய்ய சென்றார். அவர் வரும் வழியெல்லாம் தென்பட்ட சிற்றூர்களுக்குள் புகுந்து அறம் செய்ய வேண்டிய அவசியத்தையும் தர்மத்தையும் போதித்தார்.","(26-Oct-12, 4:58 pm)",dine,234 
புதையல்!,பாட்டி_சொன்ன_கதைகள்,,பரஞ்சோதி,"திருவெண்ணெய் நல்லுõரில் பேராசைக்காரன் ஒருவன் வாழ்ந்து வந்தான். அவன் எந்த பொருளை பார்த்தாலும் அதைத் தான் அடைய வேண்டும் என நினைப்பான். எனவே, நாளடைவில் பார்த்தசாரதி என்ற அவனுடைய பெயரே மறைந்து போய் பேராசைக்காரனாயிற்று.","(31-May-12, 3:46 pm)",dine,995 
முட்டாளின் முடிவு,பாட்டி_சொன்ன_கதைகள்,,Naveen,"முட்டாள் மரவெட்டி ஒருவன் மரம் வெட்டப் போனான்.","(25-Jan-13, 3:04 pm)",dine,651 
கடவுளும் தூதுவர்களும்,பாட்டி_சொன்ன_கதைகள்,,முக நூல் ,"கடவுள் நேரடியாக பூமிக்கு வருவதாகச் சொல்லப்படுகிறதே. தன்னுடைய தூதுவர்களை அனுப்பமல் ஏன் அவரே நேரடியாக வரவேண்டும்?”","(15-Oct-15, 7:23 pm)",கவிப்புயல் இனியவன்,255 
வீரச்சிறுவன்,பாட்டி_சொன்ன_கதைகள்,,Rupa,"சோழநாட்டை குலோத்துங்கன் என்ற மன்னன் சீரும் சிறப்புமாக ஆண்டு வந்தார். இவர்தான் ""சுங்கம் தவிர்த்த சோழன்' என்று வரலாற்றில் பேசப்படும் மன்னர். சோழ மரபிற்கு ஒரே வாரிசு.","(26-Oct-12, 5:49 pm)",dine,598 
புத்திசாலி  காகம்,பாட்டி_சொன்ன_கதைகள்,,vetrivel,"புத்திசாலி  காகம்","(21-Sep-12, 4:56 am)",vetrivelmuttamil,748 
ஒட்டகத்தின் கழுத்து ஏன் கோணலாக உள்ளது,பாட்டி_சொன்ன_கதைகள்,,முக நூல் ,"ஒருமுறை பீர்பாலின் சாதுரியமான உரையாடலைக் கேட்டு அவ ருக்கு ஒரு கிராமத்தைப் பரிசளிப்பதாக வாக்களித்தார் அக்பர்.","(15-Oct-15, 7:22 pm)",கவிப்புயல் இனியவன்,248 
கை மேல் பலன் கிடைத்தது !,பாட்டி_சொன்ன_கதைகள்,,,"அரசன் ஒருவன் சகுனங்களில் ஆழ்ந்த நம்பிக்கை உடையவன். அரண்மணை சோதிடர் இந்த நம்பிக்கை மேல் குளிர் காய்ந்து கொண்டிருந்தார். ஒரு நாள் இப்படித்தான் 'அரசே, அதிகாலை எழுந்தவுடன் இரண்டு காக்கைகளை ஒன்றாகப் பார்த்தால் நாள் சிறக்கும்' என்று நம்பிக்கை ஊட்டினார்.","(2-Dec-12, 10:59 am)",dkmalathi,415 
மனதைப் புரிந்து கொள் | மகிழ்ச்சியாக வாழ்,பாட்டி_சொன்ன_கதைகள்,என் வழிப் பயணத்தில்,படித்ததில் பிடித்தது ,"மனதைப் புரிந்து கொள் | மகிழ்ச்சியாக வாழ்..","(3-Feb-15, 1:12 pm)",மணிவாசன் வாசன்,440 
முட்டாளுக்கு புத்தி சொல்வது வீண்!,பாட்டி_சொன்ன_கதைகள்,,தினேஷ்,"ஒரு காட்டில் பல குரங்குகள் கூட்டமாக வசித்து வந்தன. குளிர்காலத்தில் ஒருநாள் மிகவும் கடுமையான குளிராக இருந்தது. குரங்குகளால் குளிரைத் தாங்க முடியவில்லை.","(4-Sep-12, 3:12 pm)",dine,580 
பென்சில்!,பாட்டி_சொன்ன_கதைகள்,,பாரதி,"பள்ளிக்கூடம் நடந்து கொண்டிருந்தது. ஐந்தாம் வகுப்பு ஆசிரியை பத்மாவதி கரும்பலகை போர்டில் சாக்பீசினால் கணக்குப் போட்டுக் கொண்டிருந்தார். கடைசி பெஞ்சில் உட்கார்ந்திருந்த பாலனும், பாபுவும் ஒருவருக்கொருவர் எதைப் பற்றியோ பேசிக் கொண்டிருந்தவர்கள் திடீரென்று எழுந்து நின்று ஒருவருக்கொருவர் சிலேட்டால் அடித்துக் கொண்டார்கள்.”""டீச்சர்… டீச்சர்… இங்க பாருங்க. பாலனுக்கும், பாபுவுக்கும் சண்டை நடக்குது…” என்று மற்ற மாணவர்கள் கோரசாகக் குரல் கொடுத்தார்கள்.பிளாக் போர்டில் எழுதுவதை நிறுத்தி விட்டுத் திரும்பினார் பத்மாவதி. அவருக்கு கோபம் வந்து விட்டது. “”பாபு… பாலன்… இரண்டு பேரும் இங்க வாங்க…” இருவரும் பயந்து நடுங்கியவாறு டீச்சர் முன்னால் வந்து நின்றார்கள்.”","(25-Jun-12, 4:51 pm)",dine,462 
சிரித்து மகிழ்வோம்,பாட்டி_சொன்ன_கதைகள்,சிந்தனை சிறக்க,படித்ததில் சுவைத்தது ,"சிரித்து மகிழ்வோம்..","(20-Aug-15, 3:55 pm)",நகைச்சுவைமன்னன்,370 
விடுகதை விளையாட்டு 04,பாட்டி_சொன்ன_கதைகள்,,கே இனியவன் ,"விடுகதை :- ","(28-Oct-13, 4:58 pm)",கவிப்புயல் இனியவன்,897 
ஒற்றுமையின் பலம்!,பாட்டி_சொன்ன_கதைகள்,,Dinesh,"சில புறாக்கள் இரை தேடி பறந்து திரிந்தன. இறுதியில் ஓர் இடத்தில் அரிசி","(19-Jul-12, 4:25 pm)",dine,829 
கரும்பாயிரத்தின் கவலை!,பாட்டி_சொன்ன_கதைகள்,,பாரதி,"கரும்பாயிரத்துக்கு ஜோசியத்தில் தீவிர நம்பிக்கை உண்டு. அதனால் தன் ஜாதகத்தை ஜோசியம் தெரிந்தவர்களிடம் தவறாமல் காட்டுவான்; தன்னுடைய எதிர்காலத்தை பற்றி அவர்கள் சொல்வதை கவனமாக கேட்டு குறித்துக் கொள்வான். அவர்கள் சொல்லியபடி தான் நடக்கும் என்ற அசைக்க முடியாத எண்ணம் அவன் மனதில் வந்துவிட்டது.பிரபல ஜோசியர் ஒருவர் அவன் ஊருக்கு ஒரு முறை வந்திருந்தார். அந்த செய்தியை கேள்விப்பட்டவுடன் தன் ஜாதகத்தை எடுத் துக் கொண்டு அவரிடம் ஓடினான் கரும்பா யிரம். அவனிடமிருந்து இருநூறு ரூபாய் வாங்கிக் கொண்டு அவன் எதிர்காலத்தை பற்றிய சில முக்கியமான தகவல்களை கூறினார் அந்த ஜோசியர்.","(25-Jun-12, 5:09 pm)",dine,401 
ராஜா நல்ல ராஜா!,பாட்டி_சொன்ன_கதைகள்,,Rupa,"நாட்டரசன்புரம் என்ற நாட்டை மார்த்தாண்டன் என்ற மன்னன் ஆண்டார். அவர் தனது நாட்டில் பல சிரமங்களுக்கிடையில் மிகப் பெரிய பூந்தோட்டம் ஒன்றை அமைத்தார். அதில் எல்லாவகையான பூச்செடிகளையும் வளர்த்தார்.","(26-Oct-12, 5:24 pm)",dine,321 
வைகுண்டம் எங்கே இருக்கிறது?,பாட்டி_சொன்ன_கதைகள்,,விக்ரம்,"முன்னொரு காலத்தில் அரசன் ஒருவனுக்கு திடீர் சந்தேகம் ஒன்று ஏற்பட்டது. நாள்தோறும் தான் வணங்கும் பெருமாள் பள்ளி கொண்டிருக்கும் வைகுண்டம் எங்கே இருக்கிறது என்பதுதான் அவனது சந்தேகம்.","(26-Oct-12, 3:19 pm)",dine,412 
சத்தியமா கதை  புதுசுங்க,பாட்டி_சொன்ன_கதைகள்,,ஆ.சுதா,"ஆளில்லாத ஊர்ல ராஜா ராணி இல்லாத ராஜகுமாரி ","(20-Mar-13, 11:59 am)",சுதந்திரம்,911 
வலை வீசிப் பிடித்த வேலை,பாட்டி_சொன்ன_கதைகள்,,கார்த்தி,"ஒரு மன்னரின் அமைச்சரவையிலிருந்த அறிவாளி சாகும் தருவாயில்,''எனக்குப் பதில் அடக்கமுடைய ஒருவரைத் தேர்ந்தெடுக்க வேண்டுகிறேன். அடக்கம்தான் ஞானத்தின் அறிகுறி.''என்றார்.","(26-Oct-12, 5:53 pm)",dine,473 
பீர்பால் புகையிலை,பாட்டி_சொன்ன_கதைகள்,,படித்தேன் பகிர்ந்தேன் ,"பீர்பால் புகையிலை","(1-Dec-15, 8:16 pm)",கவிப்புயல் இனியவன்,1116 
பட்டத்து யானை !,பாட்டி_சொன்ன_கதைகள்,,Ganesh,"முன்னொரு காலத்தில் மகத நாட்டு அரண்மனையில் பட்டத்து யானை ஒன்று இருந்தது. அதன் மீது அமர்ந்து செல்வதைப் பெருமையாக நினைத்தான் அரசன். அதற்கு எந்தக் குறையும் இல்லாமல் பார்த்துக் கொண்டான். அரண்மனை லாயத்தில் அந்த யானை உண்டு கொண்டிருந்தது. பசியால் வாடிய நாய் ஒன்று அங்கே வந்தது. எலும்பும், தோலுமாகப் பார்ப்பதற்கே பரிதாபமாக இருந்தது அது.","(25-Jan-13, 5:10 pm)",dine,1190 
நன்றி மறந்த முதலாளி!,பாட்டி_சொன்ன_கதைகள்,,Sathish,"செல்வச் செழிப்புடன் வாழ்ந்து வந்த செல்வந்தன் ஒருவன் பல ஊர்களுக்கு வணிகம் செய்வதற்காகச் செல்ல வேண்டி இருந்தது. இதற்காக விலை உயர்ந்த குதிரை ஒன்றையும் அவன் வாங்கி வைத்திருந்தான். அந்தக் குதிரை காற்றை விட வேகமாக ஓடக் கூடியது. அந்தக் குதிரையின் வேகத்திற்கு இணையாக எந்தக் குதிரையாலும் ஓட முடியவில்லை.","(25-Jan-13, 11:51 am)",,442 
நேர்மையாய் இரு!,பாட்டி_சொன்ன_கதைகள்,,கார்த்திக்,"செந்தில் ஒரு வேலையில்லாத பட்டதாரி. எத்தனையோ நிறுவனங்களில் அவன் நேர்முக தேர்வுக்கு சென்று வந்திருக்கிறான். இதுவரை அவன் ஒரு தேர்வில் கூட வெற்றி பெறவில்லை. அவனை ஒத்த நண்பர்கள் அனைவரும் ஒரு வேலையில் சேர்ந்து விட்டிருந்தனர். அவர்களை எல்லாம் விட செந்தில் நிறைய மதிப்பெண்கள் பெற்றிருந்தான். இருந்தாலும் அவனுக்கு ஏன் வேலை கிடைக்கவில்லை என்பதை அவனால் புரிந்து கொள்ள முடியவில்லை.","(25-Jun-12, 5:53 pm)",dine,744 
பொறாமை வேண்டாமே!,பாட்டி_சொன்ன_கதைகள்,,பாரதி,"ண்ணையார் வாசு ரொம்ப நல்லவர். அவரிடம் கடன் கேட்டு வந்தவர்களுக்குக் கூட வட்டியில்லாமல் கொடுத்து உதவி வந்தார். அவருடைய நிலங்கள் நன்றாக விளைந்தன. செல்வமும் முறையாகப் பெருகி வளர்ந்து கொண்டிருந்தது. ஆனால்—","(25-Jun-12, 5:24 pm)",dine,668 
வீதம்பட்டி வேலூர்ச் சந்தை!,பாட்டி_சொன்ன_கதைகள்,,பார்த்தி,"தெக்க செமதாங்கியில இருந்து வடக்க ஜக்கார்பாளையம் போற இட்டேரி வரைக்கும் ரெண்டு மைல் தூரம், மேக்க வீதம்பட்டி இட்டேரில இருந்து கெழக்க புதூர் போற இட்டேரி வரைக்கும்னு நொம்பப் பெரிய ஊர் வேலூர்.மேக்கயே கொஞ்சம் தெக்க சாஞ்சாப்புல போனா வீதம்பட்டி, கொஞ்சம் வடக்க சாஞ்சாப்புல போனா ஜக்கார் பாளையம். கெழக்க சலவநாய்க்கன்பட்டிப் புதூர், கெழக்கயே கொஞ்சம் பக்கவாட்டுல போனா வாகத்தொழுவு, சங்கமநாய்க்கன் பாளையம், அரசூர்னு பல ஊருகளுக்கு நடுவுல சிறப்பா இருக்குற ஊருதான் வேலூர்.","(25-Jun-12, 2:34 pm)",dine,287 
தைரியசாலி,பாட்டி_சொன்ன_கதைகள்,,கவிஞர் இனியவன்,"ஒரு பெரிய பாறையின் மீது செம்மறி ஆடு அமர்ந்து ","(6-Feb-13, 10:00 pm)",கவிப்புயல் இனியவன்,937 
மற்றவர்களுக்கு கொடுத்து,பாட்டி_சொன்ன_கதைகள்,சிந்தனை சிறக்க,படித்ததில் சுவைத்தது ,"மற்றவர்களுக்கு கொடுத்து....","(20-Aug-15, 3:51 pm)",நகைச்சுவைமன்னன்,292 
விக்கிரமாதித்தனும் இந்திரனும்,பாட்டி_சொன்ன_கதைகள்,,Rupa,"ஒரு முறை விசுவாமித்திர முனிவர் கடுமையான தவம் செய்து கொண்டிருந்தார். அவருடைய தவம் முற்றுப் பெற்றால் இந்திரனுடைய பதவிக்கே ஆபத்து வந்துவிடும். இதை இந்திரன் விரும்பவில்லை. தனது பதவியைக் காப்பாற்றிக் கொள்ள விரும்பினான்.","(26-Oct-12, 5:50 pm)",dine,559 
